"","Tween 40","Tween 80","Tween 20","Mannan","Dextrin","N-Acetyl-D-Glucosamine","Glycogen","Adenosine","Sorbic Acid","D-Alanine","L-Homoserine","Negative Control","D-Trehalose","Glycil-L-Proline","Dulcitol","Melibionic Acid","Methyl Pyruvate","Glycerol","Pectin","2-Deoxy Adenosine","Gelatin","D-Aspartic Acid","Uridine","D-Glucuronic Acid","D-Sorbitol","3-0-b-D-Galactopyranosyl-D-Arabinose","Glyoxylic Acid","2-Deoxy-D-Ribose","Inosine","Thymidine","1,2-Propanediol","Glycolic Acid","Mucic Acid","3-Methyl-Glucose","D-Psicose","a-D-Lactose","p-Hydroxy Phenyl Acetic Acid","Laminarin","D,L-Octopamine","a-Methyl-D-Galactoside","Lactulose","Dihydroxy Acetone","L-Fucose","L-Rhamnose","Sucrose","D-Melibiose","Glucuronamide","2,3-Butanone","D,L-a-Glycerol-Phosphate","Maltose","D-Fructose-6-Phosphate","D-Raffinose","Maltotriose","D-Serine","D-Galactose","Acetamide","Inulin","D-Lactic Acid Methyl Ester","D-Cellobiose","Oxalic Acid","D-Glucosamine","m-Hydroxy Phenyl Acetic Acid","d-Amino Valeric Acid","N-Acetyl-D-Glucosaminatol","N-Acetyl-D-Galactosamine","L-Alanyl-Glycine","2-Hydroxy Benzoic Acid","Stachyose","M-Inositol","5-Keto-D-Gluconic Acid","b-Methyl-D-Glucoside","Adonitol","Sedoheptulosa","Glycil-L-Aspartic Acid","L-Lyxose","Phenylalanine","Lactitol","2,3-Butanediol","D-Glucose-1-Phosphate","D-Mannose","Maltitol","Gentiobiose","L-Arabinose","a-Hydroxy Glutaric Acid-g-Lactone","L-Alaninamide","L-Proline","L-Galactonic Acid-g-Lactone","Glycil-L-Glutamic Acid","Xylitol","Bromo Succinic Acid","Acetoacetic Acid","a-Cyclodextrin","Succinamic Acid","I-Erythritol","Amygdalin","Mono Methyl Succinate","b-Methyl-D-Gactoside","Arbutin","b-Methyl-D-Xyloside","Turanose","a-Methyl-D-Glucoside","b-Cyclodextrin","b-Methyl-D-Glucuronic Acid","L-Sorbose","Pyruvic Acid","Formic Acid","Salicin","3-Hydroxy 2-Butanone","a-Methyl-D-Mannoside","D-Ribono-1,4-Lactone","4-Hydroxy Benzoic Acid","L-Alanine","L-Malic Acid","g-Cyclodextrin","D-Fructose","N-Acetyl-b-D-Mannosamine","Sebacic Acid","Succinic Acid","D-Galacturonic Acid","Chondroitin Sulfate C","L-Valine","D-Melezitose","D-Ribose","N-Acetyl-Neuraminic Acid","D-Fucose","L-Lactic Acid","Propionic Acid","g-Hydroxy Butyric Acid","D-Xylose","a-Keto-Glutaric Acid","D-Tagatose","D,L-Carnitine","N-Acetyl-L-Glutamic Acid","Acetic Acid","D-Glucose-6-Phosphate","Palatinose","L-Arabitol","L-Pyroglutamic Acid","Putrescine","D-Arabinose","Tricarballylic Acid","Glycine","Caproic Acid","b-D-Allose","L-Lysine","L-Glutamic Acid","L-Aspartic Acid","2-Aminoethanol","g-Amino Butyric Acid","Capric Acid","L-Leucine","L-Glucose","Fumaric Acid","a-Keto-Butyric Acid","D-Saccharic Acid","D-Threonine","D,L-Malic Acid","L-Tartaric Acid","D-Malic Acid","D-Galactonic Acid-g-Lactone","L-Asparagine","L-Methionine","D-Mannitol","Citric Acid","L-Histidine","Itaconic Acid","Butyric Acid","Oxalomalic Acid","Quinic Acid","a-Keto Valeric Acid","a-D-Glucose","Phenylethyl-amine","Citramalic Acid","L-Glutamine","D-Glucosaminic Acid","Malonic Acid","Tyramine","Sec-Butylamine","L-Threonine","D-Gluconic Acid","D-Arabitol","Citraconic Acid","b-Hydroxy Butyric Acid","M-Tartaric Acid","L-Serine","L-Arginine","Hydroxy-L-Proline","a-Hydroxy Butyric Acid","D-Tartaric Acid","L-Ornithine","L-Isoleucine"
"0048",0.001,0.0239,0.0168,0.0567,0.0577,0.1594,0.141,0.3278,0.0959,0.1653,0.0422,0.2798,0.3127,0.244,0.4166,0.0859,0.2406,0.2416,0.2541,0.2982,0.1677,0.2384,0.4014,0.3343,0.172,0.3726,0.4153,0.1463,0.3954,0.4519,0.2709,0.3975,0.2378,0.2373,0.2922,0.3406,0.248,0.273,0.3366,0.3625,0.3569,0.2164,0.2928,0.2794,0.3571,0.3691,0.2839,0.2892,0.3865,0.3611,0.2733,0.3553,0.3198,0.1338,0.3155,0.3545,0.1751,0.2933,0.3305,0.3047,0.1439,0.3193,0.2576,0.1822,0.3926,0.2321,0.2598,0.213,0.12,0.3113,0.4098,0.3505,0.2733,0.4335,0.2717,0.3783,0.281,0.2491,0.2545,0.4226,0.1976,0.3667,0.2257,0.4256,0.2783,0.372,0.2846,0.4058,0.2522,0.2586,0.319,0.2616,0.2122,0.2397,0.1729,0.4037,0.2475,0.2685,0.2974,0.1952,0.2508,0.2786,0.1773,0.2238,0.407,0.4436,0.2707,0.2522,0.2501,0.1663,0.3348,0.3282,0.5241,0.2357,0.4208,0.4022,0.2981,0.3213,0.389,0.2468,0.4431,0.2192,0.3961,0.3247,0.3238,0.4192,0.5043,0.1974,0.4447,0.3108,0.2301,0.2291,0.3751,0.4203,0.5423,0.3389,0.2147,0.4077,0.3207,0.2288,0.3044,0.2739,0.2955,0.3235,0.4223,0.5177,0.4909,0.5455,0.2773,0.4157,0.3599,0.352,0.3333,0.5152,0.4639,0.5052,0.3151,0.427,0.5321,0.3027,0.3777,0.4295,0.4966,0.3717,0.4287,0.4506,0.4405,0.3741,0.3324,0.3657,0.5036,0.4594,0.3109,0.487,0.4043,0.4517,0.4578,0.3933,0.4373,0.4479,0.4337,0.4335,0.2989,0.4775,0.37,0.48,0.4842,0.6391,0.5491,0.6019,0.5503
"0050",0.0935,0.00515,0.017,0.0613,0.0966,0.2036,0.15005,0.1965,0.3225,0.19785,0.17805,0.25365,0.23095,0.24,0.2364,0.2142,0.245,0.30055,0.3091,0.23615,0.30425,0.2588,0.22375,0.26385,0.29345,0.2013,0.32215,0.23265,0.23225,0.2573,0.29845,0.23025,0.1972,0.15965,0.2629,0.22435,0.28425,0.1777,0.2513,0.25725,0.2601,0.30935,0.27315,0.25865,0.2618,0.30425,0.2187,0.28945,0.26525,0.2167,0.32935,0.26885,0.2382,0.28735,0.2872,0.29585,0.2008,0.3368,0.25765,0.20165,0.199,0.31445,0.2173,0.17245,0.26345,0.25325,0.3111,0.2413,0.2617,0.2204,0.2608,0.285,0.244,0.26195,0.32565,0.2828,0.25515,0.283,0.2996,0.3434,0.2288,0.2727,0.3223,0.2938,0.291,0.25555,0.27365,0.2846,0.2457,0.3175,0.3448,0.41715,0.2344,0.22135,0.2003,0.29855,0.24695,0.1825,0.23175,0.2094,0.2167,0.28245,0.22935,0.33205,0.2681,0.2618,0.23,0.27445,0.2251,0.23745,0.2429,0.316,0.3578,0.2114,0.285,0.23705,0.2631,0.26945,0.28165,0.31845,0.40995,0.1967,0.38465,0.23365,0.23335,0.26705,0.4456,0.29,0.35675,0.22825,0.2918,0.28265,0.32865,0.31465,0.35695,0.2809,0.21235,0.31045,0.28695,0.289,0.3292,0.35315,0.32725,0.34425,0.33525,0.30635,0.1947,0.3511,0.27535,0.32565,0.3148,0.25565,0.2648,0.4122,0.37045,0.39125,0.3516,0.29725,0.395,0.36825,0.30705,0.33915,0.3631,0.42405,0.38245,0.2873,0.4007,0.2334,0.3504,0.33285,0.3383,0.41855,0.3724,0.32915,0.39265,0.32115,0.4246,0.39835,0.4067,0.326,0.3066,0.3897,0.2954,0.49435,0.4863,0.46325,0.4309,0.44845,0.37725,0.52515,0.4874
"0190",0.093,0.01,0.007,0.146,0.133,0.087,0.195,0.138,0.307,0.165,0.173,0.2165,0.183,0.188,0.159,0.076,0.133,0.213,0.267,0.197,0.29,0.114,0.184,0.214,0.241,0.162,0.318,0.283,0.144,0.212,0.21,0.148,0.153,0.157,0.194,0.208,0.239,0.25,0.241,0.238,0.241,0.388,0.198,0.275,0.209,0.234,0.223,0.262,0.197,0.243,0.214,0.285,0.236,0.251,0.248,0.243,0.231,0.289,0.247,0.146,0.212,0.239,0.281,0.239,0.275,0.168,0.257,0.262,0.215,0.295,0.263,0.274,0.22,0.251,0.335,0.275,0.264,0.247,0.225,0.268,0.304,0.291,0.267,0.218,0.225,0.213,0.228,0.251,0.29,0.183,0.277,0.35,0.192,0.292,0.239,0.21,0.249,0.275,0.328,0.233,0.28,0.265,0.26,0.27,0.24,0.288,0.233,0.304,0.298,0.214,0.219,0.287,0.226,0.242,0.279,0.229,0.241,0.251,0.273,0.341,0.286,0.266,0.374,0.269,0.341,0.264,0.379,0.341,0.412,0.341,0.319,0.312,0.283,0.342,0.378,0.294,0.228,0.278,0.31,0.389,0.195,0.342,0.299,0.339,0.449,0.287,0.318,0.363,0.346,0.272,0.27,0.299,0.248,0.363,0.261,0.321,0.225,0.342,0.295,0.345,0.284,0.367,0.356,0.368,0.364,0.434,0.434,0.189,0.295,0.342,0.354,0.379,0.309,0.266,0.342,0.331,0.34,0.359,0.411,0.316,0.359,0.403,0.409,0.409,0.361,0.436,0.489,0.434,0.449,0.506,0.448
"0192",0.001,0.01,0.003,0.056,0.091,0.242,0.137,0.186,0.125,0.284,0.259,0.257,0.242,0.299,0.205,0.236,0.207,0.257,0.175,0.223,0.147,0.117,0.295,0.293,0.278,0.232,0.294,0.17,0.209,0.232,0.288,0.164,0.136,0.231,0.337,0.302,0.314,0.194,0.214,0.3,0.314,0.177,0.275,0.296,0.285,0.257,0.256,0.207,0.288,0.284,0.294,0.302,0.297,0.247,0.353,0.305,0.243,0.255,0.265,0.286,0.289,0.347,0.229,0.279,0.335,0.242,0.222,0.322,0.271,0.34,0.317,0.284,0.276,0.318,0.221,0.275,0.302,0.251,0.313,0.281,0.345,0.331,0.343,0.28,0.316,0.383,0.211,0.344,0.308,0.314,0.303,0.383,0.34,0.302,0.297,0.244,0.294,0.326,0.319,0.294,0.291,0.382,0.315,0.319,0.256,0.307,0.298,0.263,0.342,0.3,0.303,0.301,0.361,0.311,0.374,0.312,0.329,0.421,0.323,0.343,0.288,0.33,0.289,0.416,0.289,0.437,0.43,0.314,0.32,0.399,0.337,0.248,0.334,0.45,0.422,0.349,0.337,0.228,0.229,0.352,0.354,0.426,0.412,0.399,0.285,0.35,0.616,0.406,0.28,0.24,0.346,0.379,0.317,0.37,0.491,0.279,0.458,0.403,0.329,0.507,0.52,0.344,0.361,0.479,0.321,0.423,0.422,0.475,0.268,0.288,0.522,0.487,0.331,0.567,0.364,0.453,0.358,0.363,0.389,0.445,0.244,0.365,0.448,0.381,0.468,0.478,0.341,0.428,0.481,0.443,0.471
"0264",0.001,0.0104,0.0096,0.0882,0.0784,0.3126,0.1687,0.2796,0.193,0.2744,0.084,0.3776,0.4161,0.2953,0.3915,0.2192,0.3442,0.2848,0.3191,0.3287,0.2454,0.3981,0.3153,0.4142,0.3052,0.4267,0.4402,0.2927,0.2636,0.3746,0.2771,0.5266,0.307,0.3762,0.3149,0.2825,0.4105,0.355,0.3628,0.2986,0.325,0.3865,0.3804,0.3878,0.3172,0.3027,0.3136,0.2774,0.3154,0.2798,0.3101,0.3625,0.3468,0.0967,0.4464,0.2973,0.3356,0.2348,0.3784,0.3746,0.3584,0.4613,0.3089,0.3225,0.4182,0.3707,0.5541,0.3849,0.3731,0.424,0.2832,0.3457,0.3639,0.3769,0.4693,0.3408,0.3431,0.3542,0.3549,0.4806,0.3866,0.3409,0.4254,0.3953,0.3556,0.4259,0.3873,0.4635,0.4212,0.5014,0.3336,0.4423,0.2941,0.3485,0.3085,0.4726,0.3978,0.4136,0.4152,0.3423,0.3802,0.4456,0.2741,0.4027,0.4151,0.3597,0.3851,0.3564,0.3479,0.3467,0.4588,0.388,0.563,0.4218,0.3782,0.4037,0.4715,0.4953,0.4585,0.2801,0.3546,0.3323,0.3979,0.3858,0.4088,0.4719,0.5834,0.3217,0.3687,0.4678,0.3545,0.4268,0.353,0.397,0.4585,0.509,0.3543,0.4255,0.4283,0.4656,0.6369,0.226,0.3873,0.4028,0.4986,0.419,0.5108,0.4572,0.4866,0.5473,0.3592,0.3129,0.525,0.6044,0.6195,0.5502,0.3851,0.4992,0.6116,0.3558,0.3777,0.484,0.4569,0.6484,0.5344,0.5871,0.5846,0.5503,0.4452,0.5811,0.5246,0.4983,0.6934,0.4358,0.456,0.487,0.5156,0.4131,0.502,0.4871,0.4577,0.6324,0.5319,0.7019,0.5153,0.541,0.6139,0.7605,0.646,0.7212,0.7257
"0460",0.134,0.017,0.024,0.502,0.419,0.261,0.477,0.448,0.556,0.515,0.129,0.468,0.435,0.362,0.435,0.096,0.367,0.504,0.443,0.445,0.654,0.412,0.494,0.461,0.466,0.37,0.492,0.482,0.398,0.504,0.501,0.388,0.444,0.419,0.474,0.489,0.435,0.517,0.524,0.528,0.534,0.604,0.473,0.533,0.509,0.549,0.37,0.5,0.516,0.527,0.466,0.576,0.531,0.71,0.54,0.569,0.49,0.664,0.509,0.395,0.466,0.442,0.554,0.411,0.543,0.306,0.522,0.557,0.448,0.526,0.539,0.523,0.509,0.452,0.575,0.622,0.563,0.562,0.51,0.608,0.57,0.559,0.617,0.487,0.489,0.568,0.546,0.448,0.554,0.495,0.515,0.558,0.467,0.546,0.57,0.506,0.55,0.579,0.514,0.55,0.525,0.526,0.504,0.565,0.523,0.55,0.547,0.548,0.538,0.462,0.467,0.469,0.417,0.515,0.57,0.458,0.479,0.463,0.506,0.66,0.562,0.551,0.74,0.596,0.546,0.536,0.643,0.524,0.729,0.65,0.552,0.563,0.585,0.602,0.661,0.49,0.59,0.654,0.643,0.628,0.471,0.496,0.601,0.585,0.715,0.572,0.511,0.524,0.582,0.696,0.527,0.615,0.483,0.514,0.647,0.597,0.512,0.614,0.522,0.641,0.484,0.609,0.642,0.563,0.767,0.619,0.643,0.593,0.632,0.372,0.646,0.611,0.521,0.495,0.845,0.593,0.636,0.661,0.605,0.581,0.645,0.576,0.71,0.617,0.546,0.769,0.778,0.793,0.656,0.702,0.739
"0692",0.091,0.004,0.005,0.087,0.069,0.094,0.202,0.112,0.297,0.098,0.153,0.12,0.129,0.152,0.125,0.032,0.117,0.199,0.315,0.159,0.295,0.109,0.133,0.186,0.177,0.222,0.181,0.213,0.131,0.195,0.164,0.134,0.073,0.159,0.146,0.161,0.13,0.221,0.179,0.162,0.169,0.351,0.211,0.188,0.149,0.202,0.162,0.25,0.156,0.169,0.154,0.139,0.158,0.222,0.203,0.162,0.182,0.183,0.177,0.133,0.175,0.152,0.193,0.186,0.152,0.073,0.02,0.215,0.149,0.243,0.168,0.234,0.185,0.158,0.195,0.189,0.197,0.235,0.169,0.266,0.232,0.145,0.228,0.109,0.191,0.171,0.145,0.146,0.261,0.087,0.223,0.25,0.186,0.237,0.242,0.168,0.253,0.235,0.246,0.227,0.214,0.269,0.207,0.27,0.175,0.229,0.2,0.246,0.223,0.223,0.197,0.213,0.236,0.186,0.227,0.119,0.197,0.172,0.21,0.27,0.193,0.24,0.297,0.203,0.248,0.23,0.425,0.286,0.307,0.109,0.194,0.264,0.234,0.25,0.26,0.2,0.259,0.207,0.26,0.301,0.175,0.291,0.298,0.215,0.348,0.225,0.277,0.277,0.285,0.327,0.201,0.24,0.199,0.336,0.21,0.238,0.194,0.282,0.218,0.337,0.262,0.298,0.342,0.336,0.351,0.353,0.448,0.177,0.31,0.283,0.3,0.279,0.269,0.232,0.302,0.26,0.211,0.304,0.274,0.287,0.224,0.469,0.35,0.441,0.262,0.418,0.333,0.308,0.3,0.391,0.416
"0958",0.001,0.014,0.014,0.08,0.043,0.231,0.083,0.31,0.066,0.17,0.16,0.2095,0.275,0.082,0.359,0.142,0.214,0.218,0.144,0.229,0.113,0.078,0.362,0.259,0.247,0.17,0.382,0.125,0.35,0.426,0.258,0.309,0.293,0.202,0.228,0.29,0.226,0.175,0.276,0.27,0.298,0.121,0.251,0.271,0.282,0.271,0.145,0.131,0.321,0.334,0.239,0.22,0.276,0.183,0.289,0.2,0.166,0.148,0.334,0.241,0.222,0.237,0.266,0.203,0.228,0.332,0.203,0.248,0.284,0.213,0.318,0.285,0.232,0.278,0.244,0.186,0.26,0.267,0.293,0.26,0.261,0.237,0.271,0.312,0.248,0.292,0.273,0.271,0.286,0.422,0.278,0.217,0.294,0.272,0.186,0.346,0.284,0.301,0.304,0.268,0.274,0.205,0.251,0.243,0.316,0.309,0.244,0.208,0.322,0.261,0.305,0.331,0.5,0.227,0.337,0.342,0.322,0.337,0.341,0.184,0.295,0.236,0.267,0.269,0.281,0.347,0.402,0.226,0.309,0.28,0.196,0.299,0.281,0.361,0.349,0.247,0.301,0.248,0.348,0.255,0.335,0.318,0.223,0.251,0.34,0.422,0.528,0.451,0.279,0.226,0.348,0.297,0.398,0.523,0.413,0.392,0.422,0.282,0.474,0.385,0.34,0.275,0.413,0.374,0.34,0.429,0.294,0.348,0.325,0.359,0.411,0.31,0.319,0.412,0.431,0.332,0.409,0.361,0.482,0.461,0.255,0.341,0.405,0.44,0.476,0.413,0.541,0.576,0.544,0.407,0.572
"1252",0.001,0.003,0.004,0.071,0.084,0.147,0.11,0.087,0.098,0.052,0.068,0.149,0.099,0.126,0.079,0.018,0.068,0.145,0.115,0.104,0.16,0.066,0.129,0.124,0.141,0.159,0.072,0.123,0.08,0.155,0.151,0.08,0.047,0.105,0.175,0.098,0.148,0.163,0.144,0.135,0.129,0.201,0.162,0.173,0.114,0.134,0.154,0.174,0.118,0.118,0.102,0.203,0.083,0.087,0.195,0.198,0.186,0.213,0.091,0.106,0.166,0.126,0.238,0.147,0.183,0.068,0.123,0.187,0.117,0.174,0.131,0.107,0.116,0.128,0.158,0.226,0.162,0.148,0.141,0.159,0.199,0.21,0.213,0.083,0.175,0.083,0.135,0.153,0.161,0.05,0.133,0.142,0.143,0.18,0.167,0.057,0.16,0.203,0.202,0.151,0.189,0.125,0.17,0.174,0.109,0.136,0.165,0.218,0.173,0.108,0.116,0.077,0.195,0.16,0.141,0.123,0.138,0.165,0.148,0.223,0.177,0.177,0.154,0.221,0.214,0.138,0.225,0.154,0.227,0.152,0.155,0.218,0.18,0.176,0.218,0.236,0.195,0.199,0.177,0.183,0.171,0.125,0.203,0.201,0.335,0.14,0.159,0.144,0.193,0.263,0.189,0.182,0.1,0.167,0.178,0.128,0.177,0.206,0.146,0.227,0.126,0.258,0.21,0.178,0.237,0.287,0.301,0.157,0.159,0.208,0.174,0.241,0.185,0.14,0.157,0.266,0.156,0.221,0.165,0.211,0.248,0.199,0.312,0.333,0.105,0.335,0.298,0.242,0.317,0.396,0.367
"1323",0.206,0.004,0.016,0.125,0.13,0.124,0.221,0.145,0.621,0.217,0.27,0.232,0.239,0.174,0.209,0.032,0.142,0.268,0.309,0.217,0.344,0.245,0.176,0.218,0.235,0.117,0.247,0.235,0.179,0.292,0.246,0.162,0.136,0.197,0.261,0.247,0.224,0.245,0.199,0.255,0.283,0.378,0.261,0.276,0.269,0.279,0.223,0.275,0.243,0.266,0.279,0.253,0.275,0.278,0.321,0.263,0.187,0.267,0.253,0.16,0.168,0.216,0.225,0.186,0.258,0.199,1.348,0.196,0.208,0.233,0.288,0.271,0.185,0.239,0.329,0.299,0.241,0.242,0.262,0.376,0.284,0.276,0.359,0.205,0.287,0.263,0.246,0.277,0.308,0.18,0.305,0.343,0.196,0.267,0.276,0.202,0.225,0.274,0.252,0.234,0.167,0.355,0.181,0.242,0.252,0.359,0.243,0.273,0.236,0.244,0.13,0.324,0.265,0.249,0.334,0.237,0.167,0.305,0.316,0.441,0.286,0.222,0.343,0.306,0.287,0.299,0.419,0.392,0.438,0.283,0.237,0.228,0.264,0.422,0.405,0.248,0.224,0.324,0.262,0.3,0.232,0.267,0.334,0.303,0.4,0.315,0.387,0.399,0.288,0.285,0.22,0.261,0.288,0.32,0.39,0.303,0.299,0.314,0.241,0.4,0.335,0.393,0.418,0.35,0.329,0.32,0.484,0.195,0.27,0.307,0.403,0.405,0.273,0.29,0.466,0.265,0.442,0.364,0.469,0.375,0.264,0.387,0.334,0.367,0.414,0.449,0.404,0.433,0.298,0.54,0.458
"1336",0.049,0.003,0.007,0.029,0.06,0.145,0.129,0.139,0.276,0.184,0.107,0.134,0.157,0.154,0.155,0.00699999999999998,0.11,0.243,0.255,0.185,0.195,0.011,0.199,0.227,0.163,0.065,0.214,0.148,0.176,0.19,0.218,0.107,0.125,0.115,0.19,0.193,0.16,0.13,0.071,0.192,0.184,0.176,0.221,0.221,0.201,0.201,0.212,0.129,0.133,0.192,0.174,0.124,0.185,0.101,0.232,0.266,0.107,0.192,0.207,0.049,0.107,0.182,0.178,0.099,0.099,0.138,0.096,0.166,0.208,0.118,0.196,0.208,0.038,0.222,0.242,0.151,0.06,0.139,0.231,0.266,0.178,0.11,0.277,0.189,0.151,0.193,0.202,0.216,0.178,0.12,0.239,0.236,0.115,0.119,0.141,0.234,0.149,0.138,0.183,0.143,0.135,0.232,0.131,0.144,0.181,0.19,0.138,0.155,0.163,0.111,0.067,0.222,0.209,0.169,0.203,0.213,0.123,0.211,0.252,0.37,0.212,0.158,0.268,0.117,0.214,0.194,0.398,0.219,0.296,0.098,0.133,0.187,0.169,0.261,0.321,0.132,0.122,0.155,0.175,0.225,0.177,0.174,0.146,0.09,0.294,0.184,0.283,0.23,0.22,0.255,0.193,0.143,0.243,0.306,0.27,0.263,0.229,0.147,0.142,0.302,0.259,0.267,0.258,0.314,0.254,0.212,0.28,0.048,0.207,0.157,0.208,0.238,0.181,0.285,0.281,0.17,0.234,0.163,0.329,0.305,0.171,0.21,0.234,0.302,0.268,0.301,0.369,0.414,0.185,0.392,0.271
"1532",0.003,0.02,0.013,0.037,0.077,0.095,0.039,0.144,0.053,0.19,0.124,0.088,0.116,0.131,0.151,0.087,0.252,0.114,0.2,0.174,0.023,0.051,0.167,0.114,0.114,0.178,0.344,0.121,0.169,0.142,0.105,0.11,0.277,0.086,0.085,0.152,0.099,0.181,0.087,0.15,0.164,0.045,0.138,0.116,0.15,0.167,0.105,0.121,0.17,0.156,0.11,0.135,0.177,0.11,0.112,0.117,0.146,0.164,0.156,0.162,0.117,0.099,0.174,0.126,0.119,0.27,0.001,0.157,0.108,0.206,0.142,0.144,0.12,0.135,0.116,0.137,0.139,0.128,0.14,0.162,0.163,0.126,0.095,0.156,0.178,0.238,0.121,0.179,0.167,0.396,0.153,0.32,0.194,0.174,0.083,0.194,0.17,0.138,0.173,0.166,0.125,0.221,0.154,0.16,0.189,0.199,0.165,0.161,0.186,0.14,0.2,0.239,0.438,0.175,0.161,0.136,0.172,0.219,0.137,0.068,0.128,0.168,0.131,0.099,0.152,0.239,0.193,0.139,0.106,0.266,0.158,0.142,0.16,0.239,0.12,0.178,0.185,0.235,0.201,0.165,0.17,0.154,0.129,0.13,0.167,0.281,0.197,0.182,0.321,0.031,0.171,0.13,0.256,0.037,0.217,0.047,0.39,0.217,0.27,0.166,0.171,0.161,0.187,0.369,0.202,0.161,0.188,0.298,0.329,0.036,0.221,0.153,0.476,0.16,0.187,0.22,0.125,0.123,0.146,0.25,0.092,0.067,0.233,0.097,0.208,0.258,0.278,0.116,0.299,0.171,0.175
"1887",0.117,0.01,0.014,0.15,0.077,0.162,0.219,0.093,0.37,0.136,0.062,0.1925,0.171,0.199,0.147,0.09,0.074,0.203,0.25,0.115,0.266,0.108,0.162,0.209,0.2,0.149,0.058,0.208,0.116,0.169,0.087,0.089,0.068,0.181,0.198,0.149,0.145,0.268,0.233,0.148,0.148,0.334,0.204,0.176,0.153,0.173,0.144,0.233,0.175,0.183,0.101,0.325,0.13,0.177,0.204,0.298,0.195,0.278,0.131,0.128,0.18,0.172,0.23,0.156,0.308,0.094,0.22,0.213,0.138,0.216,0.128,0.142,0.164,0.189,0.221,0.23,0.194,0.307,0.196,0.241,0.25,0.294,0.251,0.097,0.237,0.199,0.189,0.192,0.26,0.078,0.152,0.233,0.242,0.289,0.257,0.087,0.221,0.213,0.231,0.214,0.211,0.281,0.203,0.207,0.146,0.176,0.218,0.263,0.282,0.142,0.176,0.156,0.134,0.253,0.185,0.132,0.179,0.216,0.197,0.502,0.312,0.242,0.269,0.299,0.274,0.198,0.329,0.208,0.325,0.12,0.272,0.344,0.238,0.21,0.262,0.26,0.266,0.278,0.307,0.347,0.145,0.286,0.243,0.293,0.404,0.189,0.251,0.198,0.343,0.269,0.284,0.332,0.183,0.193,0.178,0.095,0.197,0.313,0.164,0.248,0.171,0.31,0.243,0.174,0.362,0.308,0.314,0.23,0.3,0.334,0.278,0.3,0.262,0.2,0.257,0.296,0.179,0.322,0.201,0.212,0.348,0.351,0.367,0.409,0.207,0.411,0.429,0.157,0.4,0.478,0.368
"2049",0.214,0.009,0.015,0.224,0.203,0.15,0.271,0.167,0.228,0.251,0.108,0.2635,0.264,0.221,0.282,0.061,0.16,0.289,0.232,0.24,0.328,0.363,0.193,0.273,0.277,0.212,0.274,0.286,0.172,0.331,0.27,0.221,0.147,0.234,0.24,0.234,0.274,0.261,0.314,0.231,0.273,0.368,0.258,0.262,0.269,0.267,0.244,0.312,0.248,0.286,0.289,0.323,0.265,0.499,0.343,0.316,0.263,0.391,0.27,0.152,0.254,0.292,0.371,0.24,0.287,0.16,0.282,0.3,0.252,0.289,0.264,0.286,0.262,0.293,0.395,0.352,0.326,0.338,0.304,0.395,0.336,0.345,0.423,0.203,0.284,0.271,0.261,0.304,0.336,0.199,0.289,0.287,0.264,0.32,0.365,0.241,0.312,0.365,0.381,0.303,0.281,0.259,0.278,0.338,0.281,0.384,0.333,0.335,0.342,0.27,0.297,0.299,0.257,0.277,0.336,0.251,0.265,0.324,0.368,0.381,0.347,0.323,0.434,0.297,0.378,0.355,0.433,0.37,0.4,0.283,0.331,0.353,0.306,0.405,0.446,0.349,0.34,0.455,0.398,0.417,0.299,0.312,0.393,0.37,0.551,0.346,0.375,0.385,0.373,0.419,0.36,0.37,0.307,0.399,0.347,0.37,0.298,0.382,0.32,0.425,0.366,0.454,0.446,0.423,0.465,0.447,0.495,0.356,0.358,0.306,0.426,0.521,0.371,0.377,0.502,0.435,0.439,0.367,0.442,0.413,0.45,0.36,0.428,0.535,0.428,0.49,0.521,0.528,0.499,0.561,0.574
"2170",0.001,0.01,0.007,0.064,0.056,0.201,0.093,0.093,0.148,0.156,0.111,0.218,0.176,0.154,0.167,0.174,0.158,0.201,0.195,0.214,0.192,0.265,0.167,0.252,0.243,0.264,0.214,0.142,0.14,0.214,0.2,0.248,0.13,0.318,0.203,0.212,0.293,0.201,0.267,0.18,0.206,0.309,0.213,0.192,0.216,0.223,0.141,0.229,0.231,0.205,0.219,0.328,0.208,0.176,0.233,0.277,0.218,0.231,0.248,0.227,0.232,0.32,0.21,0.208,0.32,0.158,0.276,0.301,0.272,0.296,0.186,0.219,0.224,0.236,0.32,0.27,0.325,0.23,0.285,0.257,0.323,0.33,0.275,0.235,0.329,0.16,0.295,0.213,0.309,0.209,0.216,0.269,0.267,0.236,0.274,0.307,0.267,0.301,0.262,0.284,0.314,0.26,0.183,0.274,0.263,0.217,0.29,0.267,0.256,0.233,0.354,0.248,0.255,0.292,0.217,0.229,0.327,0.264,0.329,0.223,0.357,0.295,0.28,0.313,0.292,0.234,0.442,0.239,0.286,0.171,0.258,0.308,0.314,0.303,0.279,0.286,0.272,0.243,0.283,0.342,0.409,0.189,0.293,0.309,0.246,0.28,0.243,0.336,0.248,0.319,0.325,0.365,0.236,0.401,0.321,0.358,0.255,0.34,0.374,0.249,0.277,0.286,0.306,0.257,0.315,0.386,0.429,0.353,0.279,0.349,0.321,0.327,0.383,0.37,0.387,0.413,0.298,0.312,0.34,0.27,0.358,0.328,0.352,0.482,0.444,0.424,0.393,0.469,0.469,0.44,0.441
"2176",0.001,0.009,0.007,0.076,0.063,0.14,0.126,0.066,0.143,0.176,0.147,0.1475,0.166,0.144,0.199,0.066,0.081,0.125,0.245,0.175,0.225,0.264,0.17,0.142,0.153,0.242,0.082,0.173,0.131,0.278,0.164,0.148,0.128,0.243,0.111,0.171,0.212,0.203,0.179,0.152,0.147,0.304,0.189,0.14,0.127,0.166,0.13,0.204,0.194,0.181,0.217,0.211,0.141,0.138,0.219,0.185,0.167,0.148,0.12,0.172,0.149,0.226,0.194,0.191,0.605,0.145,0.23,0.216,0.196,0.196,0.176,0.207,0.16,0.194,0.208,0.179,0.165,0.21,0.204,0.27,0.217,0.184,0.203,0.186,0.134,0.234,0.196,0.228,0.208,0.231,0.218,0.093,0.228,0.226,0.239,0.219,0.207,0.151,0.177,0.23,0.19,0.124,0.172,0.183,0.208,0.251,0.202,0.217,0.214,0.142,0.249,0.328,0.289,0.225,0.183,0.124,0.227,0.263,0.196,0.212,0.25,0.193,0.253,0.201,0.163,0.266,0.442,0.216,0.283,0.211,0.143,0.25,0.159,0.361,0.312,0.254,0.209,0.26,0.188,0.259,0.253,0.167,0.252,0.186,0.286,0.395,0.306,0.297,0.318,0.301,0.267,0.193,0.267,0.419,0.313,0.361,0.31,0.286,0.266,0.228,0.24,0.303,0.326,0.283,0.283,0.305,0.491,0.243,0.232,0.343,0.33,0.283,0.218,0.341,0.375,0.208,0.318,0.243,0.334,0.301,0.364,0.267,0.37,0.432,0.412,0.313,0.363,0.475,0.349,0.397,0.38
"2295",0.001,0.007,0.005,0.1,0.069,0.203,0.111,0.074,0.099,0.188,0.119,0.154,0.203,0.14,0.196,0.055,0.202,0.222,0.175,0.221,0.159,0.165,0.197,0.232,0.223,0.288,0.232,0.139,0.044,0.031,0.205,0.282,0.206,0.162,0.201,0.224,0.252,0.198,0.2,0.242,0.245,0.223,0.208,0.225,0.221,0.235,0.148,0.166,0.218,0.238,0.238,0.164,0.239,0.113,0.259,0.177,0.12,0.132,0.241,0.18,0.078,0.291,0.147,0.146,0.185,0.099,0.175,0.121,0.214,0.212,0.234,0.231,0.105,0.26,0.273,0.202,0.098,0.161,0.248,0.193,0.104,0.132,0.313,0.233,0.116,0.286,0.231,0.259,0.159,0.235,0.186,0.158,0.18,0.161,0.153,0.319,0.127,0.158,0.155,0.131,0.104,0.139,0.142,0.103,0.285,0.238,0.128,0.186,0.172,0.061,0.176,0.294,0.307,0.09,0.207,0.217,0.204,0.426,0.274,0.187,0.273,0.106,0.27,0.108,0.164,0.329,0.519,0.119,0.315,0.32,0.072,0.205,0.158,0.393,0.334,0.18,0.144,0.249,0.259,0.081,0.32,0.171,0.204,0.102,0.207,0.291,0.422,0.311,0.251,0.427,0.223,0.088,0.323,0.427,0.355,0.326,0.381,0.248,0.401,0.342,0.342,0.234,0.349,0.289,0.243,0.273,0.366,0.254,0.259,0.255,0.383,0.347,0.257,0.449,0.352,0.252,0.344,0.28,0.307,0.412,0.275,0.215,0.294,0.365,0.473,0.344,0.364,0.535,0.322,0.374,0.341
"2297",0.001,0.00605,0.00395,0.0826,0.0733,0.18265,0.13365,0.13845,0.2611,0.1987,0.04745,0.2388,0.18895,0.24745,0.18295,0.2286,0.27035,0.2378,0.34435,0.1929,0.26275,0.3364,0.24175,0.24665,0.2517,0.2951,0.27595,0.27,0.19845,0.2398,0.2654,0.2815,0.2517,0.30385,0.24925,0.2102,0.2507,0.33195,0.31445,0.26985,0.22435,0.38105,0.2185,0.2354,0.24925,0.2278,0.2856,0.28425,0.29455,0.2187,0.2844,0.27865,0.2169,0.2576,0.2019,0.2576,0.3161,0.23635,0.2359,0.2523,0.2894,0.3055,0.3258,0.3114,0.26965,0.26445,0.6836,0.2793,0.2258,0.31315,0.3361,0.2737,0.2507,0.27595,0.3704,0.3135,0.255,0.3322,0.2405,0.28615,0.28,0.2603,0.33715,0.2978,0.3534,0.3217,0.3516,0.27925,0.33605,0.39595,0.25835,0.351,0.353,0.32325,0.295,0.3249,0.3221,0.3146,0.3341,0.29505,0.29185,0.28055,0.25515,0.2881,0.3897,0.3053,0.33765,0.3096,0.351,0.2857,0.43255,0.28945,0.2906,0.31785,0.27815,0.29485,0.38025,0.3511,0.30635,0.2128,0.4519,0.29355,0.35535,0.28365,0.3542,0.31725,0.4151,0.3315,0.4013,0.29925,0.30545,0.29165,0.2618,0.3676,0.3571,0.3909,0.32355,0.3495,0.3483,0.3847,0.4037,0.2928,0.3888,0.3243,0.4038,0.319,0.29315,0.2944,0.3974,0.40595,0.4258,0.30195,0.33085,0.51835,0.3792,0.415,0.3409,0.39875,0.40955,0.3518,0.33655,0.4142,0.3464,0.3544,0.4015,0.4387,0.5412,0.37545,0.35095,0.5507,0.36785,0.3957,0.39905,0.4004,0.4007,0.3773,0.4053,0.39175,0.4293,0.3744,0.3793,0.4593,0.40175,0.5969,0.431,0.42895,0.45155,0.554,0.5178,0.48175,0.5921
"2525",0.001,0.0209,0.0172,0.0409,0.0558,0.2965,0.1022,0.136,0.1277,0.1592,0.0366,0.3467,0.3003,0.3074,0.213,0.1453,0.0912,0.236,0.1526,0.173,0.1733,0.2325,0.3345,0.2895,0.3747,0.386,0.4236,0.1804,0.2392,0.3208,0.2514,0.2899,0.2796,0.2692,0.2949,0.3299,0.3567,0.2675,0.4123,0.315,0.3229,0.2359,0.2788,0.3062,0.2067,0.188,0.2364,0.2438,0.2897,0.3249,0.2434,0.2617,0.3093,0.0777,0.3681,0.3427,0.2804,0.2706,0.18,0.4409,0.2595,0.3946,0.3309,0.3019,0.4404,0.3064,0.2806,0.3015,0.3076,0.4322,0.3328,0.3549,0.3344,0.4508,0.426,0.2049,0.4164,0.324,0.3616,0.1746,0.3921,0.3812,0.3517,0.4163,0.1925,0.375,0.3514,0.4424,0.302,0.325,0.1981,0.4304,0.3066,0.3165,0.2885,0.4232,0.4025,0.3157,0.4188,0.3304,0.3579,0.4054,0.2533,0.3933,0.3583,0.3365,0.2833,0.3065,0.3005,0.2651,0.4069,0.4037,0.3307,0.3453,0.3233,0.4184,0.3953,0.4132,0.408,0.1808,0.307,0.3955,0.2741,0.2851,0.4131,0.3378,0.4033,0.2836,0.3734,0.3868,0.2634,0.3709,0.3713,0.319,0.6288,0.3189,0.4232,0.3573,0.3327,0.4089,0.5709,0.354,0.3575,0.4366,0.3945,0.3518,0.3948,0.3827,0.2494,0.3124,0.4464,0.2951,0.3976,0.4679,0.5116,0.513,0.4249,0.5264,0.3916,0.4717,0.3777,0.5369,0.272,0.4359,0.3844,0.5373,0.46,0.4591,0.3037,0.3755,0.3778,0.4429,0.3694,0.4689,0.6522,0.2929,0.575,0.4149,0.5559,0.4485,0.5585,0.4379,0.33,0.5677,0.5149,0.3802,0.4122,0.6228,0.6061,0.605,0.5673
"2709",0.001,0.008,0.005,0.036,0.067,0.13,0.107,0.115,0.034,0.211,0.046,0.176,0.099,0.132,0.192,0.055,0.066,0.108,0.112,0.114,0.121,0.215,0.111,0.112,0.158,0.139,0.142,0.08,0.099,0.13,0.142,0.194,0.248,0.21,0.095,0.099,0.111,0.133,0.208,0.122,0.11,0.097,0.134,0.09,0.171,0.181,0.12,0.096,0.182,0.153,0.068,0.2,0.113,0.188,0.141,0.203,0.083,0.138,0.157,0.169,0.089,0.148,0.342,0.135,0.195,0.217,0.056,0.169,0.133,0.314,0.122,0.166,0.143,0.276,0.116,0.302,0.161,0.22,0.15,0.328,0.193,0.17,0.105,0.1,0.246,0.268,0.216,0.335,0.217,0.196,0.17,0.152,0.256,0.33,0.153,0.242,0.206,0.244,0.281,0.176,0.206,0.18,0.244,0.172,0.232,0.237,0.144,0.207,0.303,0.131,0.202,0.291,0.322,0.179,0.189,0.179,0.224,0.335,0.209,0.153,0.43,0.144,0.123,0.205,0.302,0.247,0.259,0.189,0.187,0.251,0.07,0.303,0.275,0.37,0.248,0.207,0.22,0.354,0.315,0.141,0.191,0.318,0.211,0.139,0.294,0.44,0.313,0.316,0.428,0.281,0.415,0.261,0.319,0.304,0.374,0.27,0.325,0.332,0.342,0.21,0.356,0.304,0.326,0.285,0.351,0.381,0.328,0.262,0.292,0.365,0.215,0.271,0.385,0.48,0.357,0.321,0.228,0.241,0.291,0.327,0.353,0.236,0.37,0.389,0.438,0.418,0.447,0.419,0.481,0.478,0.406
"2920",0.001,0.0066,0.0062,0.0614,0.0429,0.1443,0.1359,0.0811,0.1351,0.1392,0.0373,0.14185,0.1695,0.122,0.2749,0.0682,0.1934,0.1823,0.1556,0.1798,0.1868,0.2784,0.2661,0.1734,0.1902,0.2709,0.1724,0.1666,0.2146,0.2906,0.1497,0.2001,0.0778,0.23,0.1056,0.1855,0.2004,0.2609,0.2568,0.1347,0.1749,0.31,0.1263,0.2049,0.2447,0.2751,0.1918,0.2223,0.1824,0.1737,0.1993,0.1949,0.1746,0.2099,0.3257,0.1874,0.2022,0.1488,0.3042,0.1523,0.151,0.2367,0.1759,0.1922,0.2149,0.1261,0.2192,0.1547,0.1794,0.263,0.1592,0.213,0.1346,0.1833,0.2201,0.1895,0.1599,0.1877,0.1937,0.4352,0.1785,0.1838,0.3683,0.1314,0.2182,0.1764,0.2013,0.1808,0.203,0.2452,0.1799,0.2278,0.1577,0.1607,0.1923,0.2092,0.1594,0.1966,0.1735,0.1679,0.1422,0.1834,0.1466,0.1717,0.1988,0.3007,0.2097,0.2195,0.1571,0.1283,0.3163,0.2303,0.2435,0.1971,0.1921,0.1378,0.2341,0.243,0.2738,0.1509,0.2997,0.1656,0.2773,0.1745,0.2147,0.3041,0.1395,0.1669,0.3416,0.1824,0.1672,0.2397,0.1951,0.172,0.2996,0.2759,0.1861,0.2213,0.2111,0.2557,0.3078,0.1975,0.2896,0.1865,0.266,0.3791,0.2111,0.3393,0.2561,0.3073,0.298,0.19,0.2012,0.4694,0.2687,0.3713,0.3049,0.3542,0.357,0.342,0.2763,0.2842,0.3964,0.2258,0.2697,0.3331,0.4635,0.2413,0.2193,0.3609,0.3338,0.3443,0.2265,0.1849,0.3074,0.3118,0.2641,0.3154,0.3852,0.2555,0.3479,0.3286,0.3172,0.5129,0.3566,0.3128,0.3333,0.4992,0.3807,0.4481,0.447
"3039",0.001,0.016,0.01,0.05,0.048,0.219,0.089,0.121,0.163,0.158,0.114,0.2815,0.158,0.253,0.23,0.16,0.088,0.218,0.12,0.159,0.273,0.225,0.145,0.273,0.236,0.275,0.236,0.187,0.162,0.236,0.199,0.333,0.125,0.248,0.262,0.178,0.302,0.165,0.262,0.165,0.173,0.365,0.261,0.181,0.142,0.186,0.181,0.239,0.201,0.175,0.201,0.278,0.169,0.26,0.175,0.306,0.213,0.224,0.178,0.237,0.22,0.365,0.157,0.229,0.324,0.105,0.25,0.27,0.226,0.324,0.223,0.21,0.272,0.321,0.308,0.35,0.285,0.281,0.314,0.192,0.262,0.303,0.296,0.212,0.321,0.205,0.246,0.328,0.289,0.199,0.233,0.255,0.261,0.203,0.283,0.286,0.281,0.269,0.222,0.29,0.27,0.294,0.248,0.28,0.227,0.203,0.303,0.346,0.273,0.228,0.265,0.228,0.233,0.293,0.204,0.177,0.252,0.294,0.283,0.189,0.416,0.285,0.298,0.359,0.233,0.207,0.41,0.281,0.265,0.153,0.239,0.353,0.318,0.336,0.426,0.282,0.271,0.354,0.304,0.322,0.396,0.153,0.292,0.302,0.208,0.27,0.225,0.354,0.249,0.454,0.293,0.338,0.228,0.417,0.389,0.311,0.265,0.369,0.368,0.317,0.362,0.369,0.259,0.335,0.281,0.361,0.516,0.286,0.334,0.363,0.289,0.386,0.338,0.516,0.287,0.416,0.407,0.379,0.384,0.214,0.252,0.386,0.369,0.425,0.412,0.35,0.346,0.426,0.406,0.547,0.533
"3508",0.1075,0.01345,0.0184,0.14395,0.11305,0.0637,0.1671,0.13165,0.2239,0.1573,0.0844,0.131,0.11705,0.1277,0.1368,0.02745,0.1354,0.16665,0.29495,0.15485,0.2689,0.13245,0.1378,0.14875,0.1591,0.1469,0.1385,0.20535,0.1306,0.19085,0.1441,0.138,0.12495,0.10875,0.1584,0.16225,0.15085,0.19105,0.1834,0.1627,0.1653,0.2206,0.1438,0.15695,0.17735,0.18845,0.14185,0.21555,0.1487,0.15945,0.17465,0.1794,0.1684,0.40445,0.1593,0.17985,0.16815,0.2321,0.17945,0.0994,0.16295,0.2007,0.1888,0.1559,0.16875,0.1187,0.4232,0.20095,0.12995,0.1844,0.18925,0.1935,0.1467,0.15185,0.2106,0.2509,0.1744,0.17425,0.16785,0.1898,0.20645,0.17215,0.1979,0.17505,0.19605,0.17325,0.1811,0.1718,0.2194,0.21845,0.20615,0.176,0.16445,0.1915,0.22415,0.17185,0.2099,0.21705,0.2193,0.21835,0.1831,0.134,0.19155,0.20325,0.20935,0.18945,0.2096,0.2327,0.19985,0.17575,0.19395,0.20775,0.17545,0.1809,0.20135,0.17895,0.20435,0.18805,0.20575,0.2924,0.2349,0.18865,0.20585,0.18545,0.2371,0.17925,0.3437,0.2351,0.25285,0.19245,0.21105,0.2229,0.2115,0.2331,0.24085,0.26345,0.2112,0.23005,0.242,0.23875,0.21645,0.19325,0.29165,0.22495,0.2572,0.2015,0.1913,0.28185,0.25455,0.36815,0.21255,0.2019,0.1873,0.27885,0.26315,0.20545,0.2037,0.2398,0.2073,0.27345,0.22245,0.26755,0.25895,0.24265,0.2609,0.275,0.34575,0.2208,0.25225,0.23335,0.2431,0.38615,0.2572,0.25175,0.26045,0.3133,0.28175,0.2602,0.27785,0.25905,0.31095,0.2092,0.32065,0.4284,0.3278,0.34725,0.3511,0.4269,0.3395,0.37905,0.35865
"3550",0.026,0.004,0.008,0.087,0.045,0.001,0.102,0.049,0.18,0.04,0.019,0.07,0.037,0.041,0.052,0.046,0.033,0.068,0.135,0.082,0.161,0.03,0.076,0.025,0.066,0.091,0.001,0.127,0.065,0.103,0.06,0.002,0.00499999999999999,0.067,0.057,0.071,0.058,0.124,0.073,0.084,0.089,0.132,0.024,0.066,0.099,0.088,0.037,0.104,0.071,0.073,0.065,0.216,0.083,0.096,0.082,0.172,0.092,0.17,0.085,0.077,0.135,0.083,0.117,0.086,0.192,0.03,0.059,0.118,0.041,0.161,0.085,0.09,0.111,0.073,0.106,0.124,0.107,0.093,0.088,0.117,0.134,0.177,0.068,0.058,0.124,0.081,0.067,0.092,0.101,0.071,0.089,0.117,0.073,0.143,0.162,0.032,0.11,0.13,0.139,0.114,0.105,0.126,0.11,0.124,0.043,0.096,0.182,0.132,0.124,0.087,0.107,0.118,0.091,0.135,0.129,0.067,0.145,0.1,0.083,0.344,0.129,0.104,0.079,0.18,0.131,0.102,0.186,0.127,0.156,0.084,0.11,0.137,0.146,0.157,0.115,0.164,0.137,0.077,0.074,0.191,0.068,0.091,0.244,0.165,0.198,0.156,0.111,0.164,0.167,0.238,0.14,0.202,0.138,0.141,0.078,0.079,0.11,0.214,0.04,0.114,0.089,0.196,0.209,0.064,0.125,0.16,0.237,0.26,0.117,0.196,0.171,0.159,0.196,0.104,0.235,0.193,0.182,0.223,0.183,0.117,0.229,0.233,0.138,0.246,0.157,0.216,0.19,0.162,0.158,0.269,0.2
"3800",0.001,0.002,0.001,0.039,0.194,0.327,0.107,0.168,0.123,0.283,0.268,0.297,0.283,0.318,0.265,0.241,0.204,0.311,0.598,0.345,0.146,0.186,0.244,0.329,0.303,0.255,0.387,0.382,0.23,0.289,0.332,0.217,0.217,0.337,0.308,0.373,0.322,0.422,0.297,0.332,0.362,0.24,0.323,0.339,0.337,0.363,0.335,0.324,0.333,0.362,0.399,0.395,0.359,0.211,0.42,0.388,0.368,0.287,0.347,0.397,0.334,0.365,0.378,0.36,0.35,0.32,0.336,0.387,0.372,0.32,0.352,0.348,0.277,0.366,0.373,0.341,0.393,0.346,0.405,0.376,0.405,0.405,0.401,0.29,0.408,0.304,0.37,0.327,0.386,0.488,0.414,0.497,0.406,0.365,0.31,0.369,0.368,0.389,0.359,0.371,0.376,0.44,0.416,0.401,0.336,0.35,0.391,0.33,0.357,0.346,0.444,0.198,0.418,0.407,0.365,0.326,0.45,0.369,0.388,0.24,0.408,0.382,0.4,0.339,0.367,0.322,0.381,0.352,0.383,0.275,0.402,0.376,0.453,0.419,0.401,0.35,0.397,0.328,0.314,0.477,0.53,0.498,0.418,0.424,0.422,0.356,0.285,0.334,0.306,0.3,0.392,0.442,0.349,0.369,0.461,0.384,0.376,0.325,0.385,0.324,0.46,0.39,0.445,0.589,0.302,0.419,0.374,0.618,0.381,0.377,0.406,0.367,0.448,0.374,0.345,0.508,0.353,0.432,0.361,0.413,0.353,0.471,0.446,0.408,0.473,0.491,0.524,0.45,0.557,0.485,0.526
"3860",0.062,0.008,0.009,0.03,0.019,0.051,0.052,0.119,0.211,0.011,0.102,0.0915,0.064,0.08,0.143,0.055,0.086,0.13,0.111,0.114,0.056,0.054,0.156,0.076,0.11,0.179,0.094,0.128,0.115,0.134,0.085,0.087,0.088,0.098,0.087,0.093,0.111,0.127,0.139,0.126,0.115,0.175,0.106,0.1,0.116,0.134,0.095,0.206,0.107,0.107,0.074,0.204,0.096,0.135,0.081,0.187,0.137,0.22,0.123,0.105,0.145,0.121,0.216,0.156,0.181,0.067,0.08,0.173,0.089,0.141,0.158,0.103,0.145,0.102,0.087,0.214,0.194,0.179,0.099,0.13,0.232,0.202,0.103,0.109,0.189,0.073,0.085,0.12,0.154,0.084,0.136,0.103,0.119,0.164,0.181,0.073,0.169,0.172,0.213,0.192,0.212,0.183,0.211,0.191,0.079,0.132,0.206,0.202,0.22,0.196,0.203,0.097,0.111,0.198,0.13,0.124,0.181,0.055,0.118,0.357,0.197,0.185,0.114,0.247,0.204,0.148,0.165,0.18,0.15,0.078,0.198,0.239,0.17,0.128,0.221,0.225,0.201,0.172,0.227,0.211,0.127,0.269,0.258,0.232,0.243,0.129,0.083,0.15,0.123,0.199,0.205,0.244,0.103,0.114,0.139,0.137,0.108,0.199,0.16,0.194,0.22,0.188,0.216,0.113,0.238,0.223,0.275,0.264,0.218,0.173,0.136,0.22,0.197,0.182,0.15,0.236,0.128,0.245,0.172,0.174,0.166,0.259,0.246,0.289,0.153,0.293,0.258,0.212,0.283,0.415,0.327
"3972",0.001,0.0194,0.0194,0.1086,0.0643,0.2372,0.1365,0.2114,0.1987,0.2456,0.0509,0.3337,0.3103,0.3519,0.3542,0.0209,0.1335,0.2676,0.2697,0.2905,0.2439,0.5077,0.31,0.4085,0.337,0.2012,0.2595,0.2454,0.262,0.313,0.2997,0.2872,0.3029,0.2545,0.2908,0.3279,0.3169,0.3719,0.3014,0.3477,0.3286,0.3449,0.3369,0.321,0.3159,0.3276,0.2226,0.3342,0.357,0.3378,0.3489,0.334,0.2922,0.177,0.3646,0.2855,0.1832,0.2381,0.2802,0.3364,0.1583,0.3339,0.3363,0.2545,0.3238,0.2515,0.1255,0.3123,0.3047,0.394,0.3411,0.3865,0.2671,0.4163,0.3669,0.3527,0.3029,0.3442,0.3629,0.3883,0.3155,0.3612,0.3575,0.2697,0.2129,0.3839,0.3807,0.4318,0.3433,0.2952,0.2913,0.2291,0.2589,0.3055,0.2166,0.3485,0.3113,0.2675,0.3583,0.3014,0.3013,0.2372,0.3273,0.2806,0.264,0.365,0.3052,0.3597,0.3708,0.1826,0.3482,0.4016,0.2731,0.2024,0.3659,0.293,0.2947,0.3708,0.365,0.2968,0.4969,0.2957,0.3939,0.3285,0.3838,0.3672,0.3579,0.3296,0.3769,0.3215,0.2198,0.353,0.2967,0.4141,0.4887,0.2814,0.2792,0.3538,0.3253,0.3271,0.4604,0.2819,0.2623,0.3078,0.3938,0.4424,0.3777,0.3378,0.3145,0.3022,0.411,0.3537,0.3573,0.4017,0.5036,0.4562,0.4069,0.459,0.4276,0.5219,0.3777,0.4305,0.4396,0.3785,0.3996,0.4514,0.3843,0.3867,0.3431,0.1918,0.4303,0.4109,0.3265,0.523,0.5114,0.4315,0.4694,0.3631,0.4977,0.4051,0.3713,0.212,0.3721,0.4656,0.5148,0.4739,0.484,0.5503,0.5423,0.5463,0.5612
"4008",0.001,0.01,0.009,0.029,0.155,0.212,0.066,0.088,0.056,0.093,0.232,0.236,0.204,0.22,0.138,0.142,0.118,0.242,0.297,0.262,0.162,0.108,0.131,0.268,0.23,0.16,0.294,0.273,0.131,0.152,0.221,0.171,0.149,0.21,0.252,0.294,0.26,0.291,0.157,0.273,0.294,0.172,0.246,0.257,0.253,0.261,0.228,0.184,0.101,0.282,0.254,0.309,0.287,0.253,0.281,0.239,0.265,0.192,0.245,0.261,0.181,0.278,0.256,0.25,0.279,0.258,0.177,0.282,0.214,0.139,0.282,0.28,0.256,0.275,0.247,0.225,0.292,0.212,0.277,0.203,0.28,0.296,0.22,0.221,0.249,0.158,0.31,0.212,0.274,0.266,0.369,0.395,0.247,0.266,0.238,0.333,0.275,0.303,0.225,0.284,0.286,0.308,0.289,0.276,0.229,0.263,0.297,0.179,0.263,0.219,0.258,0.184,0.279,0.292,0.306,0.304,0.248,0.18,0.308,0.205,0.201,0.276,0.3,0.25,0.246,0.154,0.285,0.257,0.255,0.134,0.284,0.202,0.257,0.338,0.32,0.189,0.314,0.139,0.271,0.333,0.314,0.334,0.325,0.332,0.255,0.194,0.177,0.224,0.216,0.257,0.241,0.299,0.202,0.307,0.268,0.271,0.206,0.168,0.298,0.176,0.225,0.227,0.308,0.333,0.159,0.302,0.225,0.36,0.187,0.26,0.298,0.303,0.351,0.227,0.223,0.318,0.293,0.327,0.265,0.263,0.304,0.311,0.231,0.283,0.212,0.253,0.446,0.316,0.363,0.307,0.365
"4084",0.15,0.007,0.013,0.183,0.115,0.091,0.19,0.126,0.189,0.174,0.121,0.1985,0.189,0.158,0.206,0.035,0.104,0.21,0.235,0.206,0.297,0.19,0.155,0.157,0.2,0.154,0.15,0.251,0.134,0.229,0.205,0.164,0.109,0.162,0.231,0.202,0.203,0.232,0.25,0.206,0.229,0.339,0.205,0.218,0.212,0.229,0.201,0.281,0.192,0.231,0.222,0.283,0.232,0.358,0.278,0.265,0.229,0.279,0.207,0.121,0.2,0.207,0.247,0.194,0.243,0.107,0.26,0.246,0.165,0.278,0.232,0.255,0.218,0.198,0.265,0.278,0.254,0.29,0.221,0.29,0.267,0.249,0.342,0.173,0.213,0.213,0.215,0.22,0.279,0.162,0.237,0.254,0.18,0.268,0.262,0.201,0.268,0.304,0.276,0.241,0.232,0.244,0.244,0.258,0.218,0.27,0.238,0.305,0.288,0.202,0.219,0.253,0.2,0.229,0.261,0.192,0.215,0.228,0.265,0.333,0.318,0.251,0.353,0.263,0.321,0.234,0.347,0.335,0.377,0.153,0.285,0.308,0.267,0.347,0.34,0.333,0.272,0.31,0.268,0.369,0.225,0.312,0.265,0.329,0.472,0.296,0.318,0.315,0.279,0.316,0.264,0.295,0.217,0.373,0.295,0.3,0.233,0.326,0.229,0.319,0.291,0.393,0.358,0.331,0.334,0.398,0.431,0.286,0.249,0.265,0.279,0.384,0.273,0.301,0.346,0.326,0.387,0.305,0.375,0.277,0.358,0.396,0.351,0.47,0.339,0.414,0.4,0.496,0.42,0.521,0.491
"4086",0.0804,0.0251,0.0259,0.2487,0.1721,0.1546,0.2539,0.1629,0.1761,0.2112,0.0651,0.2683,0.248,0.2181,0.2398,0.0048,0.2302,0.3111,0.1879,0.2313,0.3011,0.4656,0.2395,0.2705,0.2867,0.0883,0.1667,0.2549,0.2066,0.2914,0.2905,0.2376,0.1238,0.2691,0.2868,0.3038,0.2276,0.2728,0.2655,0.304,0.3203,0.3236,0.3247,0.2347,0.3024,0.2967,0.1947,0.2812,0.3495,0.2767,0.2727,0.3011,0.2965,0.3362,0.3071,0.3116,0.231,0.295,0.2858,0.1624,0.2211,0.279,0.3026,0.2063,0.2412,0.2066,0.1008,0.2802,0.2601,0.2153,0.3114,0.3356,0.2495,0.2703,0.3197,0.2406,0.2922,0.2682,0.2962,0.3064,0.3075,0.301,0.3461,0.2671,0.2355,0.2516,0.288,0.3173,0.34,0.2719,0.2042,0.201,0.2253,0.3135,0.3087,0.2435,0.3148,0.3158,0.3442,0.2985,0.2585,0.2051,0.2788,0.3083,0.2114,0.2436,0.2664,0.2914,0.3419,0.2745,0.1865,0.2775,0.1745,0.2655,0.3952,0.2832,0.2679,0.2744,0.2964,0.4577,0.2987,0.2866,0.3326,0.3357,0.3341,0.3105,0.3716,0.3268,0.4236,0.2891,0.3043,0.3383,0.3126,0.3168,0.3693,0.2959,0.3503,0.2916,0.312,0.3792,0.3549,0.3099,0.2347,0.3448,0.4096,0.2703,0.3706,0.3611,0.3318,0.2683,0.2773,0.3383,0.2937,0.393,0.3771,0.2998,0.2552,0.3257,0.2437,0.4082,0.261,0.318,0.3853,0.2767,0.3985,0.4132,0.3756,0.2989,0.3005,0.2735,0.4047,0.3453,0.267,0.3286,0.4214,0.3007,0.4233,0.4094,0.4078,0.382,0.423,0.3891,0.5209,0.6213,0.3668,0.4329,0.4105,0.4723,0.3121,0.5451,0.472
"4150",0.001,0.012,0.004,0.06,0.041,0.172,0.095,0.129,0.049,0.186,0.147,0.1695,0.145,0.194,0.285,0.018,0.187,0.129,0.096,0.201,0.108,0.137,0.218,0.22,0.184,0.288,0.404,0.079,0.212,0.292,0.226,0.191,0.256,0.18,0.191,0.184,0.189,0.239,0.272,0.215,0.174,0.071,0.211,0.218,0.197,0.221,0.206,0.063,0.259,0.198,0.178,0.253,0.198,0.201,0.283,0.184,0.23,0.132,0.234,0.282,0.083,0.186,0.228,0.157,0.284,0.248,0.085,0.132,0.188,0.371,0.202,0.213,0.128,0.288,0.184,0.216,0.123,0.194,0.252,0.294,0.174,0.237,0.227,0.23,0.124,0.32,0.269,0.313,0.212,0.273,0.236,0.269,0.178,0.279,0.13,0.229,0.179,0.265,0.277,0.181,0.196,0.188,0.222,0.151,0.297,0.281,0.13,0.284,0.233,0.104,0.228,0.268,0.373,0.235,0.217,0.241,0.179,0.302,0.255,0.185,0.292,0.135,0.241,0.283,0.248,0.294,0.353,0.155,0.274,0.297,0.124,0.237,0.227,0.325,0.336,0.258,0.282,0.238,0.266,0.162,0.347,0.301,0.161,0.134,0.299,0.393,0.528,0.355,0.236,0.271,0.27,0.196,0.361,0.429,0.406,0.381,0.342,0.451,0.359,0.287,0.321,0.345,0.348,0.368,0.315,0.275,0.308,0.29,0.229,0.368,0.381,0.332,0.29,0.4,0.402,0.208,0.336,0.304,0.382,0.505,0.39,0.333,0.24,0.417,0.398,0.401,0.425,0.481,0.466,0.492,0.457
"4257",0.0605,0.0144,0.0183,0.047,0.0558,0.0229,0.069,0.0815,0.1273,0.0545,0.2078,0.08105,0.0572,0.0715,0.0841,0.001,0.069,0.1045,0.045,0.0852,0.0806,0.0644,0.0915,0.0518,0.1043,0.0655,0.001,0.086,0.106,0.1348,0.0989,0.0086,0.048,0.0294,0.0639,0.0719,0.0875,0.1019,0.0902,0.076,0.0943,0.1356,0.0974,0.0813,0.1041,0.0996,0.0466,0.1484,0.1074,0.0911,0.0584,0.1162,0.0965,0.2042,0.1159,0.1188,0.0691,0.1404,0.0898,0.0635,0.0617,0.097,0.131,0.0829,0.0895,0.0582,0.0425,0.101,0.0647,0.0568,0.0851,0.0867,0.0808,0.0947,0.0737,0.1155,0.0883,0.0887,0.1101,0.1686,0.1163,0.0988,0.0908,0.0634,0.0804,0.1205,0.0478,0.1392,0.1082,0.025,0.11,0.0343,0.0925,0.1217,0.1207,0.0544,0.0979,0.1218,0.1427,0.123,0.0824,0.033,0.0833,0.0995,0.0704,0.1268,0.0905,0.1477,0.1238,0.1094,0.104,0.1095,0.093,0.0898,0.1383,0.0736,0.1172,0.1156,0.1012,0.1812,0.1383,0.1009,0.103,0.1078,0.1428,0.1202,0.1183,0.1286,0.1402,0.0747,0.0906,0.1688,0.1131,0.1422,0.1712,0.1314,0.1134,0.1505,0.1656,0.1383,0.0809,0.1472,0.1777,0.1125,0.2353,0.1981,0.2053,0.2044,0.1991,0.1148,0.1438,0.1034,0.1157,0.1326,0.1881,0.0987,0.1216,0.1136,0.0633,0.262,0.1327,0.1728,0.2437,0.094,0.2198,0.1681,0.1648,0.1181,0.1315,0.1813,0.1982,0.1321,0.1003,0.1437,0.2307,0.1444,0.1286,0.1647,0.222,0.2105,0.1617,0.1709,0.2444,0.2225,0.186,0.3248,0.3094,0.2077,0.21,0.3619,0.2916
"4307",0.231,0.008,0.016,0.191,0.149,0.074,0.218,0.143,0.283,0.27,0.146,0.205,0.27,0.156,0.252,0.017,0.101,0.254,0.257,0.22,0.331,0.264,0.156,0.215,0.243,0.121,0.196,0.236,0.141,0.281,0.226,0.176,0.132,0.104,0.235,0.2,0.211,0.236,0.27,0.231,0.229,0.346,0.228,0.237,0.237,0.235,0.201,0.279,0.217,0.233,0.233,0.272,0.233,0.457,0.292,0.268,0.209,0.29,0.233,0.134,0.181,0.261,0.251,0.199,0.25,0.128,0.223,0.246,0.207,0.265,0.243,0.275,0.212,0.204,0.33,0.302,0.238,0.279,0.248,0.365,0.255,0.264,0.31,0.192,0.222,0.273,0.252,0.23,0.238,0.167,0.26,0.274,0.187,0.267,0.265,0.208,0.257,0.258,0.298,0.272,0.226,0.22,0.248,0.276,0.228,0.306,0.227,0.268,0.259,0.2,0.199,0.278,0.257,0.238,0.312,0.21,0.187,0.25,0.296,0.369,0.274,0.248,0.374,0.275,0.339,0.313,0.439,0.317,0.403,0.216,0.259,0.307,0.27,0.351,0.358,0.286,0.292,0.314,0.3,0.34,0.223,0.303,0.284,0.312,0.439,0.364,0.337,0.345,0.301,0.396,0.265,0.308,0.273,0.387,0.32,0.362,0.281,0.307,0.3,0.353,0.296,0.361,0.472,0.352,0.375,0.339,0.421,0.298,0.28,0.237,0.371,0.431,0.315,0.295,0.42,0.342,0.412,0.349,0.414,0.374,0.421,0.418,0.366,0.471,0.382,0.43,0.411,0.481,0.386,0.48,0.503
"4451",0.001,0.0151,0.01545,0.06625,0.118,0.25115,0.094,0.18805,0.09765,0.23375,0.141,0.15175,0.1998,0.2411,0.1578,0.2378,0.16265,0.33305,0.20305,0.248,0.1886,0.2803,0.2102,0.2608,0.2522,0.3032,0.39295,0.36715,0.1851,0.2025,0.25295,0.2662,0.2485,0.28975,0.25415,0.2727,0.32335,0.2628,0.2591,0.27305,0.27065,0.2752,0.2759,0.31005,0.28395,0.34745,0.3185,0.29945,0.2602,0.2804,0.305,0.20415,0.26255,0.2267,0.26955,0.20245,0.23535,0.1617,0.2447,0.3035,0.25295,0.3339,0.31435,0.3496,0.2344,0.259,0.3891,0.2981,0.26475,0.34515,0.3091,0.2702,0.23655,0.242,0.38515,0.2926,0.2959,0.30855,0.319,0.26315,0.30375,0.24605,0.3576,0.27955,0.27425,0.31465,0.3302,0.23585,0.3023,0.33735,0.32955,0.41325,0.36255,0.34395,0.24005,0.34375,0.2738,0.3446,0.31415,0.27675,0.30775,0.37575,0.3524,0.2935,0.3315,0.27845,0.27935,0.295,0.3524,0.242,0.34595,0.3114,0.2478,0.23795,0.339,0.30065,0.3593,0.29425,0.29505,0.18705,0.3891,0.2926,0.4536,0.3114,0.3294,0.34515,0.40485,0.3937,0.4131,0.2296,0.30995,0.31485,0.30225,0.3876,0.27985,0.303,0.2996,0.35965,0.276,0.38325,0.3852,0.36075,0.31045,0.38945,0.3925,0.2967,0.2539,0.29495,0.38245,0.3613,0.3716,0.3289,0.3139,0.46165,0.3738,0.36965,0.36135,0.3623,0.31915,0.3759,0.307,0.359,0.385,0.48725,0.35865,0.41835,0.3961,0.4431,0.3262,0.4054,0.41865,0.3054,0.3792,0.31735,0.36755,0.3707,0.375,0.42915,0.38585,0.3599,0.46745,0.44195,0.43225,0.49595,0.46325,0.42805,0.46025,0.51955,0.503,0.43525,0.53575
"4487",0.001,0.011,0.006,0.135,0.228,0.396,0.334,0.222,0.231,0.386,0.103,0.4465,0.343,0.334,0.357,0.205,0.254,0.385,0.361,0.333,0.398,0.433,0.3,0.383,0.438,0.325,0.276,0.307,0.309,0.394,0.383,0.302,0.358,0.278,0.266,0.383,0.342,0.375,0.458,0.913,0.326,0.318,0.432,0.355,0.352,0.343,0.277,0.387,0.416,0.396,0.345,0.518,0.348,0.413,0.385,0.608,0.373,0.398,0.307,0.453,0.201,0.393,0.394,0.334,0.477,0.281,0.193,0.438,0.36,0.576,0.348,0.42,0.399,0.416,0.305,0.591,0.449,0.42,0.415,0.425,0.462,0.49,0.442,0.324,0.39,0.53,0.392,0.463,0.381,0.364,0.332,0.455,0.369,0.408,0.444,0.394,0.448,0.39,0.393,0.401,0.355,0.51,0.413,0.4,0.411,0.421,0.388,0.489,0.406,0.225,0.406,0.415,0.392,0.514,0.391,0.368,0.354,0.437,0.446,0.393,0.624,0.472,0.415,0.424,0.398,0.501,0.465,0.413,0.467,0.408,0.34,0.557,0.417,0.463,0.529,0.395,0.467,0.55,0.449,0.436,0.541,0.411,0.379,0.395,0.462,0.509,0.446,0.459,0.493,0.839,0.502,0.453,0.427,0.429,0.486,0.443,0.439,0.588,0.368,0.421,0.463,0.644,0.475,0.414,0.513,0.492,0.569,0.505,0.525,0.265,0.507,0.395,0.499,0.602,0.553,0.585,0.486,0.512,0.471,0.546,0.475,0.451,0.541,0.494,0.59,0.689,0.608,0.559,0.533,0.719,0.638
"4551",0.14,0.009,0.015,0.161,0.134,0.078,0.211,0.134,0.208,0.176,0.147,0.1875,0.179,0.146,0.162,0.053,0.091,0.207,0.254,0.193,0.285,0.228,0.137,0.17,0.188,0.115,0.193,0.244,0.15,0.201,0.197,0.175,0.103,0.159,0.212,0.191,0.213,0.235,0.229,0.21,0.195,0.308,0.191,0.221,0.22,0.207,0.208,0.238,0.186,0.184,0.245,0.258,0.183,0.349,0.269,0.255,0.212,0.281,0.186,0.135,0.141,0.239,0.206,0.181,0.252,0.098,0.262,0.24,0.173,0.266,0.228,0.234,0.18,0.186,0.338,0.294,0.236,0.246,0.214,0.326,0.25,0.28,0.328,0.182,0.208,0.238,0.231,0.213,0.254,0.153,0.191,0.328,0.159,0.273,0.261,0.179,0.257,0.29,0.239,0.24,0.224,0.293,0.229,0.256,0.23,0.293,0.221,0.286,0.255,0.171,0.199,0.247,0.22,0.264,0.261,0.18,0.185,0.232,0.258,0.379,0.321,0.268,0.314,0.298,0.295,0.228,0.356,0.314,0.389,0.192,0.279,0.306,0.255,0.342,0.303,0.271,0.288,0.264,0.308,0.367,0.225,0.29,0.265,0.369,0.381,0.378,0.298,0.319,0.294,0.378,0.248,0.312,0.222,0.363,0.308,0.333,0.25,0.3,0.225,0.328,0.289,0.364,0.418,0.339,0.341,0.323,0.377,0.237,0.256,0.245,0.32,0.385,0.298,0.296,0.367,0.31,0.368,0.319,0.395,0.316,0.379,0.363,0.381,0.454,0.346,0.402,0.415,0.449,0.365,0.508,0.41
"4552",0.001,0.01025,0.0072,0.06195,0.1493,0.35195,0.1235,0.23605,0.1503,0.3105,0.169,0.3395,0.31325,0.30885,0.2789,0.26405,0.27605,0.3768,0.3117,0.29395,0.17565,0.29375,0.28095,0.3859,0.36345,0.2333,0.3616,0.29785,0.2857,0.2939,0.3494,0.3132,0.28955,0.3377,0.3374,0.34165,0.3658,0.3761,0.30515,0.3448,0.3333,0.23665,0.36705,0.3591,0.3288,0.3436,0.3795,0.2699,0.402,0.33975,0.39345,0.34705,0.3261,0.1637,0.3851,0.36375,0.36,0.32375,0.3206,0.3747,0.3102,0.39055,0.32025,0.3298,0.38755,0.3197,0.38015,0.3617,0.36215,0.23775,0.36415,0.35665,0.3635,0.3403,0.37755,0.35775,0.3871,0.2982,0.36555,0.34505,0.3768,0.38685,0.43365,0.36895,0.42295,0.36345,0.396,0.3387,0.3626,0.602,0.39765,0.5081,0.37235,0.3439,0.3144,0.42605,0.3455,0.4063,0.33075,0.3331,0.3534,0.4224,0.3184,0.367,0.3453,0.41075,0.40945,0.2744,0.3459,0.3504,0.3884,0.33825,0.42985,0.359,0.36835,0.3323,0.42535,0.4408,0.37115,0.30715,0.4785,0.3719,0.4858,0.3719,0.33025,0.45225,0.48025,0.34845,0.3856,0.33465,0.3995,0.3901,0.37565,0.471,0.41775,0.2956,0.3641,0.4015,0.3027,0.4092,0.51895,0.3086,0.4219,0.39635,0.33955,0.42395,0.39475,0.36165,0.4042,0.3189,0.40065,0.3985,0.43275,0.44875,0.50975,0.4002,0.5013,0.3272,0.4147,0.4618,0.46615,0.3219,0.4859,0.63055,0.32925,0.35975,0.3747,0.54095,0.39695,0.43365,0.4256,0.351,0.4587,0.40585,0.41915,0.45185,0.42665,0.4225,0.4187,0.49945,0.37995,0.50165,0.457,0.5123,0.4763,0.54305,0.47655,0.57445,0.4832,0.5195,0.5084
"4876",0.001,0.0135,0.0134,0.1077,0.0859,0.3289,0.152,0.1567,0.1621,0.2296,0.0404,0.3493,0.4067,0.3665,0.4451,0.1496,0.2734,0.3622,0.3077,0.3737,0.2316,0.4367,0.3017,0.414,0.4043,0.4311,0.4521,0.245,0.1959,0.4416,0.2695,0.442,0.3026,0.3727,0.3314,0.3879,0.3066,0.3935,0.3653,0.4097,0.4574,0.2865,0.5238,0.3112,0.5178,0.4792,0.3122,0.276,0.47,0.3915,0.3773,0.398,0.4444,0.0881,0.4385,0.3808,0.2733,0.298,0.4265,0.2742,0.2728,0.3837,0.3984,0.3618,0.4541,0.4023,0.7066,0.332,0.4325,0.3473,0.4388,0.4605,0.3551,0.5675,0.5032,0.3468,0.3782,0.3923,0.4619,0.5065,0.3498,0.3634,0.4776,0.4539,0.3653,0.4565,0.4999,0.5827,0.3406,0.4887,0.2819,0.4236,0.4225,0.4295,0.304,0.4867,0.4435,0.4362,0.4444,0.3698,0.372,0.3061,0.3289,0.314,0.4299,0.507,0.3246,0.4346,0.4158,0.3246,0.6054,0.3901,0.4489,0.3183,0.4396,0.4161,0.4846,0.4894,0.5661,0.264,0.4273,0.3443,0.479,0.3639,0.4959,0.4244,0.572,0.3886,0.537,0.4746,0.2697,0.4124,0.37,0.4537,0.4891,0.4435,0.4666,0.3854,0.4571,0.3498,0.6391,0.4113,0.4161,0.3737,0.5487,0.5671,0.4688,0.5119,0.4385,0.3152,0.5339,0.3952,0.4985,0.6667,0.6172,0.6539,0.4772,0.5866,0.7051,0.4542,0.3777,0.5671,0.4809,0.5492,0.554,0.5886,0.6623,0.489,0.5125,0.4082,0.4982,0.5227,0.3875,0.6618,0.708,0.4788,0.5007,0.4637,0.6521,0.4831,0.5912,0.5256,0.413,0.7402,0.5511,0.5074,0.5008,0.7842,0.7281,0.6176,0.6617
"4884",0.1344,0.1313,0.14755,0.1985,0.2213,0.1542,0.2051,0.21435,0.10845,0.13625,0.2862,0.12465,0.1166,0.31095,0.0965,0.1377,0.19655,0.2264,0.2877,0.28315,0.29645,0.1285,0.2388,0.1969,0.22865,0.22635,0.1917,0.29455,0.2087,0.18935,0.2616,0.15235,0.2152,0.19295,0.2707,0.2272,0.23065,0.25715,0.1407,0.26005,0.28035,0.2081,0.16815,0.2336,0.1983,0.22395,0.2492,0.2714,0.205,0.2325,0.2663,0.22105,0.3263,0.31395,0.109,0.1665,0.23465,0.1071,0.32245,0.22505,0.0865,0.28775,0.221,0.20845,0.1537,0.25725,0.1021,0.14445,0.1849,0.1254,0.2998,0.2792,0.20535,0.21505,0.2599,0.163,0.23215,0.1997,0.33085,0.148,0.1495,0.1958,0.20465,0.3003,0.21015,0.086,0.2579,0.2221,0.24175,0.3205,0.25525,0.18335,0.2365,0.24225,0.1988,0.3554,0.22275,0.2717,0.2254,0.26935,0.19735,0.2694,0.32845,0.1733,0.27945,0.2395,0.21625,0.24275,0.2408,0.2172,0.3194,0.21715,0.2675,0.26945,0.2481,0.3521,0.19855,0.17205,0.29865,0.15685,0.197,0.20825,0.268,0.1571,0.28305,0.17475,0.27415,0.2262,0.19245,0.20035,0.2126,0.17865,0.25315,0.2438,0.2434,0.2199,0.2307,0.1617,0.18505,0.22385,0.3104,0.24725,0.32775,0.19365,0.2653,0.2045,0.097,0.2196,0.24055,0.262,0.17915,0.2637,0.2447,0.2315,0.1703,0.22425,0.23705,0.17655,0.30165,0.2128,0.1791,0.2637,0.2427,0.29965,0.1708,0.2012,0.18995,0.31975,0.1605,0.169,0.27995,0.22295,0.23655,0.1955,0.20375,0.25785,0.2835,0.1986,0.38915,0.24905,0.28905,0.2015,0.2497,0.23375,0.27555,0.309,0.2915,0.2574,0.25675,0.2183,0.26735
"5150",0.124,0.011,0.016,0.202,0.154,0.087,0.239,0.152,0.223,0.242,0.16,0.2275,0.257,0.174,0.246,0.071,0.173,0.249,0.176,0.222,0.338,0.278,0.176,0.222,0.245,0.098,0.265,0.297,0.158,0.311,0.254,0.201,0.139,0.224,0.253,0.232,0.223,0.239,0.283,0.253,0.295,0.358,0.27,0.275,0.265,0.298,0.233,0.324,0.235,0.295,0.232,0.284,0.308,0.377,0.296,0.318,0.242,0.328,0.26,0.149,0.208,0.262,0.32,0.237,0.286,0.132,0.295,0.319,0.224,0.267,0.267,0.323,0.284,0.227,0.335,0.304,0.309,0.304,0.262,0.339,0.327,0.296,0.341,0.227,0.256,0.227,0.274,0.244,0.317,0.181,0.263,0.316,0.249,0.325,0.284,0.222,0.304,0.315,0.346,0.305,0.298,0.283,0.293,0.328,0.288,0.366,0.303,0.351,0.332,0.246,0.239,0.281,0.239,0.263,0.294,0.291,0.229,0.25,0.331,0.372,0.335,0.296,0.352,0.329,0.347,0.312,0.342,0.389,0.41,0.208,0.373,0.34,0.345,0.36,0.365,0.281,0.321,0.298,0.303,0.437,0.29,0.346,0.294,0.437,0.461,0.33,0.317,0.358,0.341,0.305,0.297,0.373,0.262,0.345,0.337,0.353,0.284,0.337,0.312,0.355,0.289,0.463,0.416,0.323,0.399,0.394,0.456,0.336,0.34,0.282,0.401,0.411,0.367,0.274,0.403,0.364,0.418,0.375,0.432,0.367,0.449,0.481,0.427,0.462,0.378,0.439,0.427,0.521,0.419,0.521,0.501
"5168",0.001,0.0131,0.0124,0.0196,0.0135,0.1078,0.0509,0.1244,0.0128,0.1089,0.0606,0.0915,0.1378,0.1726,0.2555,0.0246,0.1353,0.1409,0.0676,0.1756,0.083,0.1709,0.1555,0.1183,0.186,0.1844,0.2407,0.049,0.1557,0.2017,0.1477,0.2375,0.1496,0.0663,0.068,0.1997,0.1987,0.068,0.2287,0.2056,0.1884,0.0864,0.1364,0.1067,0.2031,0.2232,0.1483,0.0806,0.1786,0.2505,0.1303,0.158,0.2016,0.1514,0.1475,0.1611,0.064,0.087,0.1696,0.1359,0.0728,0.2288,0.2518,0.0986,0.1627,0.1666,0.0908,0.1355,0.2256,0.2579,0.1783,0.2191,0.1312,0.1964,0.2223,0.1685,0.1428,0.1967,0.2057,0.2736,0.1406,0.1225,0.1597,0.2169,0.1787,0.1797,0.2142,0.2374,0.14,0.2078,0.1771,0.1178,0.2522,0.2222,0.1093,0.2618,0.1796,0.1727,0.21,0.1397,0.165,0.0554,0.1575,0.1293,0.2115,0.2198,0.1459,0.2336,0.2143,0.0707,0.213,0.1994,0.2355,0.0819,0.1919,0.2182,0.1898,0.2161,0.238,0.1063,0.313,0.1338,0.1763,0.1355,0.269,0.2615,0.3759,0.1811,0.2345,0.1711,0.0724,0.2472,0.2208,0.296,0.2959,0.1957,0.1984,0.2563,0.263,0.1086,0.3018,0.2041,0.1463,0.1357,0.3115,0.2972,0.2978,0.338,0.2743,0.2054,0.2833,0.2015,0.2452,0.4283,0.257,0.3219,0.248,0.3913,0.312,0.1827,0.226,0.3227,0.2861,0.2371,0.2651,0.4032,0.3467,0.2367,0.2374,0.2809,0.3197,0.2533,0.2447,0.255,0.3418,0.2802,0.3221,0.2834,0.3269,0.2418,0.2763,0.2623,0.2628,0.3551,0.3585,0.3592,0.3729,0.4483,0.4093,0.4547,0.4293
"5255",0.001,0.012,0.007,0.06,0.061,0.079,0.083,0.026,0.108,0.096,0.072,0.1515,0.098,0.12,0.125,0.068,0.005,0.09,0.179,0.095,0.164,0.138,0.095,0.112,0.161,0.185,0.13,0.094,0.067,0.145,0.091,0.16,0.095,0.14,0.096,0.099,0.114,0.173,0.235,0.131,0.103,0.206,0.145,0.056,0.103,0.111,0.059,0.173,0.12,0.093,0.11,0.189,0.094,0.087,0.166,0.164,0.161,0.152,0.143,0.136,0.072,0.141,0.176,0.149,0.232,0.108,0.081,0.187,0.119,0.204,0.139,0.132,0.157,0.177,0.099,0.195,0.177,0.23,0.136,0.139,0.194,0.185,0.207,0.078,0.155,0.197,0.138,0.181,0.175,0.103,0.133,0.17,0.182,0.208,0.144,0.173,0.254,0.171,0.23,0.234,0.177,0.149,0.186,0.165,0.141,0.15,0.209,0.237,0.212,0.158,0.206,0.196,0.209,0.185,0.132,0.132,0.245,0.205,0.141,0.187,0.268,0.175,0.193,0.242,0.237,0.176,0.267,0.147,0.203,0.137,0.102,0.167,0.175,0.221,0.262,0.239,0.256,0.238,0.184,0.182,0.202,0.159,0.243,0.174,0.218,0.251,0.222,0.211,0.238,0.262,0.209,0.241,0.196,0.28,0.195,0.262,0.204,0.254,0.251,0.217,0.173,0.241,0.202,0.168,0.227,0.3,0.382,0.233,0.177,0.248,0.221,0.214,0.205,0.254,0.314,0.272,0.243,0.218,0.302,0.201,0.287,0.255,0.211,0.306,0.294,0.298,0.311,0.341,0.317,0.393,0.36
"5518",0.001,0.0162,0.0118,0.0419,0.0283,0.1664,0.0736,0.1535,0.0405,0.2029,0.0713,0.19155,0.2107,0.1666,0.2455,0.065,0.2193,0.1721,0.1781,0.2188,0.112,0.21,0.2169,0.133,0.1838,0.2237,0.1832,0.1082,0.2303,0.2482,0.1942,0.275,0.2154,0.0496,0.1657,0.2301,0.1824,0.1688,0.1791,0.2536,0.2368,0.1929,0.1952,0.207,0.2785,0.2234,0.1876,0.1337,0.2173,0.2504,0.2453,0.2421,0.2339,0.1907,0.3139,0.211,0.0137,0.1298,0.23,0.1313,0.1073,0.2504,0.2208,0.1079,0.2364,0.1756,0.1019,0.1618,0.1827,0.313,0.1919,0.2247,0.1527,0.2482,0.3195,0.2145,0.1615,0.2405,0.2252,0.3374,0.1532,0.213,0.3223,0.2071,0.1245,0.3274,0.3646,0.2646,0.1519,0.2988,0.2174,0.2218,0.1994,0.2388,0.1285,0.2633,0.1572,0.1248,0.2171,0.1706,0.1011,0.0864,0.1539,0.1527,0.2964,0.2721,0.1493,0.2591,0.2169,0.0906,0.1832,0.2576,0.3383,0.167,0.2551,0.2271,0.1683,0.3219,0.3255,0.1633,0.3254,0.1317,0.2695,0.2058,0.2928,0.2769,0.3786,0.1641,0.2899,0.258,0.0879,0.2817,0.1976,0.3155,0.3554,0.3096,0.2076,0.2678,0.1906,0.1722,0.3041,0.1804,0.1879,0.1808,0.2724,0.3675,0.3426,0.4012,0.3202,0.3703,0.2744,0.2182,0.3065,0.4263,0.3809,0.3046,0.2981,0.3754,0.3459,0.3067,0.3191,0.3375,0.3451,0.2977,0.2539,0.3372,0.4127,0.2263,0.1838,0.3053,0.4027,0.3286,0.2413,0.3941,0.393,0.2902,0.366,0.2328,0.317,0.3323,0.2781,0.229,0.2095,0.3398,0.3956,0.4267,0.3558,0.4915,0.3994,0.4868,0.3913
"5643",0.001,0.018,0.013,0.076,0.179,0.249,0.103,0.325,0.118,0.21,0.244,0.2725,0.249,0.342,0.356,0.229,0.218,0.331,0.243,0.399,0.183,0.28,0.402,0.355,0.32,0.464,0.461,0.449,0.342,0.433,0.276,0.344,0.329,0.32,0.387,0.338,0.344,0.367,0.375,0.355,0.331,0.415,0.31,0.391,0.386,0.508,0.405,0.407,0.253,0.344,0.327,0.306,0.35,0.469,0.339,0.374,0.392,0.247,0.409,0.467,0.338,0.404,0.49,0.483,0.288,0.381,0.287,0.381,0.349,0.489,0.385,0.412,0.307,0.366,0.503,0.41,0.337,0.47,0.433,0.393,0.412,0.304,0.375,0.423,0.326,0.371,0.474,0.411,0.419,0.396,0.435,0.383,0.452,0.412,0.243,0.423,0.38,0.426,0.433,0.362,0.396,0.347,0.448,0.378,0.421,0.348,0.382,0.54,0.422,0.343,0.421,0.443,0.431,0.342,0.366,0.41,0.495,0.341,0.396,0.298,0.353,0.337,0.603,0.308,0.404,0.288,0.507,0.416,0.513,0.325,0.385,0.413,0.369,0.497,0.435,0.524,0.341,0.315,0.424,0.457,0.448,0.556,0.456,0.376,0.55,0.442,0.243,0.542,0.3,0.354,0.538,0.385,0.421,0.446,0.33,0.488,0.405,0.532,0.564,0.413,0.434,0.532,0.478,0.546,0.478,0.499,0.509,0.653,0.355,0.333,0.331,0.501,0.433,0.52,0.509,0.48,0.472,0.544,0.552,0.446,0.47,0.469,0.436,0.405,0.504,0.498,0.414,0.573,0.702,0.503,0.502
"gcbA",0.001,0.0161,0.0051,0.0091,0.0036,0.188,0.0091,0.0687,0.001,0.0155,0.0166,0.13015,0.1646,0.1042,0.1279,0.16,0.113,0.1497,0.001,0.1418,0.0279,0.001,0.1592,0.1958,0.1656,0.178,0.1946,0.0134,0.1473,0.137,0.0719,0.1538,0.0648,0.1119,0.1762,0.1497,0.1668,0.062,0.1832,0.1546,0.1253,0.0564,0.1695,0.1772,0.2009,0.1899,0.068,0.0364,0.1673,0.1413,0.1652,0.1167,0.1146,0.0483,0.2215,0.1106,0.13,0.1093,0.1796,0.1213,0.1102,0.2044,0.1329,0.0902,0.1282,0.0927,0.001,0.1106,0.1304,0.1124,0.1801,0.1484,0.0995,0.188,0.0557,0.1026,0.115,0.1501,0.1421,0.1518,0.1106,0.1259,0.1058,0.2119,0.1258,0.1123,0.1744,0.2036,0.1517,0.0613,0.0787,0.1075,0.1382,0.1666,0.076,0.1521,0.1331,0.1218,0.1596,0.1076,0.1151,0.0541,0.1316,0.1405,0.1124,0.001,0.1307,0.143,0.1372,0.1391,0.2077,0.0967,0.1416,0.1547,0.1509,0.204,0.1457,0.1571,0.2293,0.001,0.1223,0.1444,0.1937,0.1339,0.1512,0.1276,0.0872,0.0935,0.1679,0.0655,0.14,0.1392,0.1811,0.1469,0.3073,0.2156,0.1473,0.0706,0.1227,0.1627,0.2432,0.192,0.0614,0.1541,0.1227,0.121,0.2414,0.2054,0.1053,0.0164,0.1173,0.1493,0.1381,0.2716,0.2127,0.3123,0.1419,0.1665,0.3063,0.2289,0.3777,0.1425,0.2378,0.1276,0.0771,0.1466,0.1498,0.1726,0.0944,0.2189,0.1859,0.4114,0.1029,0.1476,0.1669,0.1391,0.3026,0.1869,0.2254,0.1929,0.1682,0.2756,0.1174,0.2335,0.1623,0.1418,0.1598,0.379,0.2131,0.2382,0.2253
"gcbB",0.001,0.0104,0.0088,0.0643,0.014,0.2749,0.0158,0.0927,0.001,0.1471,0.0458,0.26205,0.2432,0.1175,0.2834,0.1221,0.2596,0.1656,0.0414,0.325,0.0149,0.0595,0.3486,0.281,0.2641,0.346,0.4569,0.0473,0.1094,0.3013,0.2147,0.1665,0.289,0.2047,0.255,0.2461,0.2031,0.1291,0.3363,0.2774,0.2813,0.049,0.2514,0.2939,0.3352,0.3398,0.2412,0.0878,0.2381,0.3633,0.1738,0.2751,0.3073,0.1196,0.2957,0.272,0.2061,0.1963,0.2945,0.4117,0.2073,0.237,0.251,0.2936,0.3066,0.2963,0.1056,0.3084,0.2511,0.4989,0.2599,0.2546,0.2732,0.4053,0.1369,0.2283,0.2432,0.3939,0.2971,0.2686,0.2994,0.2684,0.1902,0.326,0.2137,0.2322,0.3233,0.3202,0.3428,0.2598,0.1783,0.2273,0.3084,0.2884,0.2175,0.2624,0.31,0.3197,0.3589,0.2928,0.3316,0.2802,0.4114,0.215,0.2387,0.2795,0.2464,0.4217,0.3993,0.2781,0.2958,0.2711,0.2829,0.272,0.2492,0.4002,0.4167,0.2783,0.3578,0.0314,0.3027,0.2615,0.1143,0.2752,0.3608,0.2665,0.1401,0.3491,0.2099,0.348,0.2065,0.2918,0.3861,0.259,0.434,0.418,0.3421,0.2116,0.3376,0.2698,0.4391,0.3786,0.1249,0.2513,0.4214,0.3343,0.3901,0.3499,0.2474,0.0467,0.3464,0.2751,0.2523,0.3047,0.3606,0.4352,0.3393,0.6104,0.5192,0.2878,0.3777,0.4836,0.3732,0.3252,0.2587,0.3936,0.4246,0.4204,0.1415,0.3627,0.3674,0.4278,0.2708,0.3223,0.4255,0.2106,0.3235,0.2786,0.4076,0.4198,0.3111,0.333,0.2724,0.3172,0.3262,0.3549,0.3773,0.4558,0.495,0.3465,0.3868
"gcbC",0.1228,0.01055,0.0146,0.0393,0.0598,0.1199,0.09695,0.12315,0.22195,0.1105,0.1898,0.1255,0.13615,0.1458,0.13605,0.12505,0.1245,0.18605,0.1368,0.15595,0.11105,0.08285,0.162,0.1466,0.1603,0.1178,0.2003,0.1292,0.13385,0.168,0.14945,0.11705,0.1228,0.1517,0.17055,0.15755,0.17415,0.1471,0.1366,0.1779,0.17375,0.1772,0.15245,0.1758,0.1685,0.17145,0.1876,0.1558,0.15605,0.1751,0.146,0.1374,0.1771,0.1446,0.1864,0.1664,0.1329,0.16945,0.17305,0.12725,0.17045,0.17965,0.14885,0.1726,0.1228,0.1351,0.12895,0.1747,0.16795,0.14815,0.20305,0.17575,0.12925,0.1637,0.14995,0.17035,0.13275,0.16345,0.19245,0.1991,0.1677,0.1304,0.19775,0.17385,0.13275,0.13455,0.1391,0.199,0.19665,0.1533,0.1779,0.18285,0.1679,0.19105,0.18135,0.1289,0.17285,0.19255,0.1695,0.198,0.16375,0.20215,0.17495,0.18985,0.1747,0.18695,0.13115,0.1774,0.1997,0.17955,0.17855,0.16765,0.12075,0.1805,0.1905,0.1739,0.187,0.187,0.17815,0.21645,0.1587,0.1686,0.2064,0.14435,0.1865,0.18095,0.24845,0.1822,0.23315,0.24015,0.18635,0.19615,0.18465,0.2106,0.22965,0.165,0.2023,0.1644,0.2092,0.23845,0.18145,0.2826,0.21735,0.1757,0.24995,0.18755,0.2486,0.18175,0.23115,0.19735,0.18825,0.13975,0.1962,0.2013,0.1856,0.2005,0.2442,0.16715,0.17985,0.2556,0.2177,0.2158,0.2966,0.2497,0.26215,0.2805,0.2306,0.257,0.24245,0.2055,0.27225,0.266,0.2043,0.16945,0.23445,0.17395,0.2106,0.2051,0.2849,0.2621,0.26905,0.31115,0.27225,0.3239,0.22195,0.39445,0.29505,0.3005,0.2879,0.36425,0.3303
"lapD",0.131,0.009,0.021,0.004,0.009,0.031,0.008,0.078,0.227,0.005,0.087,0.0185,0.028,0.069,0.054,0.044,0.043,0.087,0.104,0.067,0.004,0.032,0.127,0.064,0.067,0.08,0.072,0.086,0.092,0.125,0.077,0.035,0.04,0.049,0.055,0.082,0.089,0.079,0.028,0.083,0.085,0.078,0.076,0.098,0.088,0.101,0.084,0.113,0.075,0.098,0.045,0.084,0.066,0.079,0.033,0.063,0.047,0.057,0.118,0.07,0.038,0.079,0.086,0.101,0.046,0.037,0.001,0.064,0.07,0.088,0.091,0.083,0.062,0.059,0.077,0.077,0.061,0.035,0.066,0.012,0.062,0.049,0.02,0.086,0.041,0.025,0.031,0.074,0.102,0.041,0.081,0.014,0.071,0.075,0.092,0.03,0.07,0.059,0.097,0.087,0.054,0.034,0.051,0.063,0.067,0.06,0.097,0.075,0.075,0.077,0.042,0.028,0.048,0.068,0.088,0.084,0.105,0.018,0.086,0.543,0.063,0.067,0.095,0.056,0.084,0.057,0.055,0.078,0.093,0.042,0.04,0.073,0.047,0.062,0.124,0.075,0.073,0.034,0.061,0.075,0.099,0.065,0.127,0.043,0.065,0.06,0.001,0.092,0.078,0.001,0.063,0.042,0.038,0.121,0.001,0.053,0.066,0.092,0.095,0.067,0.066,0.082,0.063,0.042,0.034,0.123,0.111,0.137,0.063,0.092,0.033,0.102,0.058,0.062,0.03,0.096,0.077,0.102,0.099,0.02,0.082,0.02,0.079,0.276,0.045,0.055,0.077,0.129,0.067,0.07,0.061
"rapA",0.13,0.013,0.011,0.068,0.031,0.257,0.096,0.15,0.23,0.115,0.12,0.252,0.274,0.224,0.193,0.273,0.154,0.346,0.17,0.191,0.126,0.097,0.252,0.286,0.388,0.288,0.303,0.212,0.2,0.249,0.271,0.198,0.153,0.255,0.262,0.265,0.273,0.207,0.234,0.265,0.287,0.158,0.292,0.274,0.257,0.245,0.266,0.218,0.283,0.27,0.284,0.355,0.222,0.238,0.286,0.256,0.254,0.198,0.26,0.268,0.244,0.311,0.208,0.264,0.372,0.189,0.025,0.326,0.316,0.311,0.286,0.21,0.311,0.362,0.217,0.331,0.389,0.305,0.341,0.139,0.334,0.355,0.329,0.271,0.228,0.181,0.208,0.285,0.297,0.253,0.271,0.4,0.21,0.318,0.317,0.198,0.251,0.271,0.283,0.276,0.288,0.344,0.375,0.309,0.17,0.257,0.324,0.313,0.306,0.241,0.21,0.213,0.153,0.364,0.347,0.294,0.275,0.214,0.275,0.356,0.296,0.336,0.28,0.415,0.282,0.2,0.424,0.238,0.301,0.256,0.309,0.286,0.348,0.319,0.415,0.393,0.262,0.231,0.163,0.357,0.371,0.377,0.384,0.404,0.341,0.269,0.253,0.247,0.184,0.156,0.26,0.393,0.232,0.291,0.32,0.328,0.281,0.306,0.311,0.323,0.353,0.371,0.254,0.322,0.194,0.244,0.355,0.372,0.17,0.324,0.269,0.339,0.241,0.317,0.304,0.341,0.269,0.358,0.353,0.256,0.293,0.333,0.205,0.452,0.285,0.305,0.237,0.4,0.324,0.475,0.265
"wspR",0.001,0.008,0.003,0.036,0.046,0.153,0.091,0.118,0.024,0.052,0.092,0.1405,0.134,0.158,0.164,0.074,0.091,0.161,0.127,0.127,0.156,0.094,0.155,0.159,0.183,0.15,0.162,0.091,0.129,0.165,0.196,0.157,0.089,0.1,0.179,0.138,0.224,0.13,0.143,0.164,0.164,0.081,0.192,0.162,0.153,0.151,0.143,0.104,0.131,0.157,0.19,0.108,0.155,0.091,0.199,0.142,0.152,0.14,0.168,0.098,0.114,0.209,0.109,0.122,0.143,0.162,0.061,0.129,0.195,0.113,0.174,0.153,0.103,0.195,0.169,0.115,0.111,0.091,0.204,0.11,0.151,0.115,0.143,0.184,0.12,0.1,0.145,0.187,0.15,0.18,0.197,0.066,0.115,0.127,0.136,0.145,0.134,0.161,0.127,0.122,0.133,0.078,0.095,0.124,0.155,0.162,0.209,0.157,0.126,0.099,0.149,0.158,0.134,0.197,0.133,0.173,0.166,0.141,0.214,0.212,0.085,0.139,0.202,0.171,0.15,0.142,0.203,0.072,0.173,0.134,0.145,0.172,0.134,0.179,0.28,0.193,0.178,0.129,0.14,0.189,0.316,0.101,0.192,0.103,0.16,0.164,0.223,0.227,0.142,0.22,0.093,0.164,0.194,0.31,0.263,0.213,0.162,0.197,0.233,0.196,0.149,0.175,0.199,0.258,0.151,0.167,0.189,0.14,0.136,0.188,0.167,0.246,0.091,0.185,0.213,0.116,0.285,0.206,0.251,0.189,0.191,0.15,0.147,0.291,0.24,0.176,0.251,0.415,0.301,0.301,0.186
"WT 1",0.001,0.0104,0.0078,0.0397,0.0234,0.1493,0.0536,0.1593,0.00610000000000002,0.1324,0.0187,0.17855,0.2807,0.1229,0.2292,0.0862,0.1524,0.1602,0.056,0.2447,0.0796,0.0497,0.2745,0.207,0.2156,0.2192,0.253,0.0457,0.2277,0.3377,0.1838,0.2097,0.1048,0.1159,0.2905,0.2136,0.2066,0.1767,0.2703,0.2972,0.1577,0.0673,0.1776,0.1976,0.2753,0.2745,0.2548,0.1298,0.1219,0.2289,0.2244,0.2124,0.2321,0.1646,0.238,0.2421,0.1342,0.2066,0.2723,0.2037,0.178,0.3226,0.1851,0.1215,0.2294,0.1499,0.0746,0.1993,0.2054,0.2072,0.2158,0.2313,0.1661,0.2109,0.261,0.1895,0.1884,0.2523,0.1939,0.2567,0.2014,0.2537,0.1698,0.1771,0.2162,0.2315,0.2982,0.2173,0.1851,0.0702,0.2042,0.1632,0.1761,0.2218,0.1385,0.3017,0.1827,0.2194,0.2138,0.1834,0.1728,0.1353,0.2116,0.2091,0.1898,0.2493,0.2072,0.1869,0.2343,0.2413,0.2416,0.1573,0.2306,0.2067,0.235,0.296,0.2287,0.2361,0.3141,0.063,0.2173,0.1803,0.2283,0.2529,0.1086,0.2391,0.1883,0.173,0.2698,0.0801,0.2075,0.2781,0.3062,0.2452,0.3725,0.2606,0.2158,0.2029,0.2197,0.2451,0.2569,0.2568,0.1385,0.2323,0.3465,0.2364,0.3117,0.3307,0.1903,0.1123,0.2346,0.1985,0.2605,0.2682,0.2824,0.4349,0.1882,0.2731,0.3383,0.3197,0.1953,0.2309,0.3546,0.1378,0.2431,0.237,0.2607,0.2274,0.2121,0.3001,0.3293,0.4113,0.159,0.2522,0.3739,0.2335,0.4599,0.2863,0.4994,0.2576,0.2337,0.3788,0.2293,0.2332,0.3035,0.3074,0.27,0.3416,0.3024,0.4616,0.3839
"WT 10",0.001,0.003,0.002,0.092,0.09,0.092,0.141,0.119,0.152,0.168,0.056,0.1285,0.107,0.106,0.136,0.202,0.17,0.15,0.191,0.125,0.219,0.139,0.136,0.136,0.137,0.187,0.113,0.177,0.134,0.145,0.075,0.138,0.176,0.202,0.169,0.123,0.107,0.192,0.17,0.134,0.143,0.188,0.132,0.124,0.151,0.15,0.137,0.14,0.142,0.15,0.131,0.189,0.145,0.198,0.183,0.237,0.196,0.227,0.173,0.14,0.155,0.133,0.209,0.234,0.21,0.174,0.064,0.161,0.154,0.2,0.149,0.179,0.17,0.129,0.208,0.193,0.19,0.2,0.139,0.2,0.191,0.2,0.224,0.183,0.201,0.154,0.185,0.175,0.199,0.215,0.186,0.23,0.188,0.217,0.142,0.135,0.21,0.229,0.229,0.162,0.157,0.208,0.207,0.201,0.199,0.188,0.192,0.233,0.219,0.168,0.19,0.189,0.155,0.165,0.163,0.15,0.2,0.196,0.205,0.158,0.236,0.202,0.17,0.211,0.271,0.156,0.254,0.227,0.236,0.199,0.252,0.203,0.188,0.19,0.175,0.217,0.243,0.218,0.251,0.231,0.147,0.2,0.201,0.27,0.254,0.224,0.255,0.222,0.213,0.281,0.266,0.226,0.17,0.267,0.259,0.091,0.192,0.228,0.169,0.206,0.203,0.248,0.256,0.218,0.259,0.288,0.241,0.227,0.285,0.227,0.245,0.33,0.265,0.188,0.222,0.249,0.246,0.282,0.248,0.32,0.275,0.226,0.229,0.233,0.277,0.296,0.279,0.302,0.282,0.327,0.35
"WT 11",0.001,0.006,0.0024,0.0333,0.0732,0.2148,0.1229,0.095,0.1773,0.139,0.0786,0.1711,0.1296,0.2596,0.1064,0.2339,0.2817,0.1985,0.2391,0.1778,0.1898,0.2429,0.1697,0.2261,0.2353,0.1838,0.4003,0.1773,0.1863,0.1399,0.2323,0.2502,0.2786,0.2344,0.2068,0.2135,0.2501,0.1835,0.1708,0.2414,0.2339,0.2116,0.2364,0.2121,0.2143,0.1779,0.309,0.2104,0.2563,0.1734,0.2317,0.1798,0.2206,0.1014,0.2302,0.1929,0.2529,0.1893,0.2334,0.2767,0.2365,0.2871,0.2516,0.242,0.225,0.2401,0.7745,0.2596,0.2686,0.1953,0.2754,0.2158,0.209,0.1958,0.2134,0.2792,0.218,0.1882,0.2424,0.1277,0.2539,0.2064,0.2901,0.2467,0.2523,0.2492,0.2337,0.2499,0.2658,0.4568,0.239,0.4022,0.2933,0.2498,0.2279,0.2761,0.2521,0.2235,0.2496,0.2531,0.2399,0.3212,0.2412,0.2669,0.3011,0.1779,0.2928,0.2116,0.2747,0.2596,0.2894,0.3415,0.2377,0.2329,0.2569,0.2729,0.3593,0.24,0.2711,0.2407,0.2911,0.2777,0.334,0.2384,0.2457,0.2454,0.4153,0.2715,0.2139,0.3971,0.2651,0.2491,0.24,0.3069,0.163,0.237,0.2583,0.3507,0.256,0.3098,0.3858,0.2445,0.2631,0.2695,0.2621,0.2698,0.2476,0.2492,0.3844,0.355,0.3101,0.2965,0.3504,0.3795,0.2696,0.2426,0.2542,0.2707,0.3183,0.2211,0.2015,0.2861,0.2291,0.4534,0.3446,0.3181,0.3396,0.3876,0.3678,0.4226,0.24,0.268,0.4668,0.3211,0.2777,0.3557,0.2547,0.3845,0.2853,0.2425,0.3859,0.3919,0.4012,0.447,0.2764,0.4119,0.4451,0.3862,0.4558,0.3862,0.4046
"WT 12",0.001,0.0107,0.0125,0.0441,0.1121,0.0952,0.1593,0.1849,0.1533,0.1977,0.1417,0.1155,0.1617,0.1495,0.1916,0.1465,0.2204,0.1496,0.2614,0.1998,0.2681,0.1116,0.2142,0.1846,0.1651,0.15,0.107,0.2012,0.1964,0.2186,0.1892,0.2131,0.2683,0.1849,0.1836,0.1902,0.1271,0.2141,0.2351,0.2384,0.2073,0.2433,0.184,0.1534,0.2244,0.2461,0.1634,0.2118,0.2394,0.2063,0.208,0.1858,0.2194,0.1847,0.1891,0.1713,0.281,0.2005,0.2119,0.1863,0.1996,0.1644,0.2766,0.2181,0.1619,0.2859,1.2091,0.2347,0.1743,0.2779,0.2525,0.2305,0.2159,0.1387,0.1876,0.2484,0.2471,0.2478,0.2051,0.2159,0.2574,0.1729,0.1437,0.2074,0.2047,0.2551,0.2483,0.1827,0.3145,0.4627,0.3121,0.3094,0.2712,0.2487,0.2521,0.2427,0.2707,0.2754,0.297,0.2863,0.2692,0.2509,0.2528,0.2226,0.3198,0.2624,0.2164,0.2642,0.2707,0.2464,0.3609,0.2869,0.3423,0.2665,0.2559,0.2408,0.358,0.3167,0.2245,0.2132,0.3282,0.2342,0.2365,0.2335,0.2682,0.3244,0.2581,0.2703,0.2709,0.2903,0.2445,0.2493,0.2483,0.3223,0.193,0.2728,0.2863,0.3676,0.3522,0.2623,0.2515,0.2509,0.2117,0.2414,0.2578,0.3551,0.2153,0.264,0.3867,0.6134,0.3136,0.2136,0.2854,0.3402,0.2962,0.2009,0.2923,0.2725,0.3135,0.2544,0.2563,0.299,0.3015,0.3781,0.3227,0.3368,0.3102,0.2728,0.4105,0.4694,0.3008,0.2881,0.3628,0.2899,0.2704,0.3135,0.3215,0.3515,0.2291,0.3369,0.3955,0.3207,0.452,0.3245,0.3467,0.4597,0.4688,0.3634,0.4641,0.3318,0.3973
"WT 13",0.127,0.009,0.012,0.125,0.11,0.088,0.19,0.107,0.354,0.154,0.339,0.191,0.152,0.157,0.148,0.067,0.145,0.198,0.281,0.161,0.285,0.072,0.122,0.152,0.161,0.141,0.112,0.213,0.106,0.158,0.155,0.145,0.111,0.142,0.159,0.174,0.172,0.297,0.171,0.166,0.2,0.284,0.147,0.163,0.19,0.185,0.154,0.25,0.14,0.178,0.111,0.28,0.191,0.258,0.194,0.272,0.201,0.306,0.196,0.171,0.192,0.177,0.244,0.152,0.229,0.114,0.195,0.179,0.164,0.273,0.172,0.174,0.162,0.24,0.201,0.202,0.173,0.197,0.172,0.259,0.203,0.223,0.225,0.152,0.187,0.231,0.194,0.213,0.208,0.203,0.209,0.198,0.175,0.304,0.252,0.148,0.259,0.225,0.275,0.235,0.215,0.286,0.227,0.24,0.166,0.281,0.237,0.307,0.274,0.217,0.157,0.232,0.179,0.248,0.227,0.169,0.172,0.23,0.263,0.292,0.228,0.232,0.201,0.287,0.296,0.236,0.231,0.307,0.245,0.204,0.202,0.246,0.28,0.238,0.298,0.23,0.297,0.281,0.277,0.314,0.203,0.257,0.264,0.317,0.392,0.284,0.287,0.289,0.302,0.256,0.203,0.337,0.232,0.158,0.26,0.258,0.234,0.322,0.15,0.338,0.31,0.4,0.358,0.268,0.308,0.282,0.33,0.23,0.288,0.222,0.328,0.289,0.216,0.318,0.293,0.254,0.268,0.338,0.287,0.33,0.415,0.298,0.319,0.345,0.35,0.371,0.398,0.348,0.34,0.503,0.393
"WT 14",0.101,0.009,0.012,0.094,0.077,0.084,0.112,0.121,0.249,0.134,0.285,0.102,0.109,0.107,0.147,0.178,0.088,0.137,0.121,0.149,0.156,0.178,0.15,0.143,0.141,0.181,0.267,0.158,0.15,0.179,0.146,0.117,0.15,0.149,0.13,0.154,0.138,0.128,0.175,0.194,0.169,0.24,0.191,0.182,0.18,0.194,0.177,0.19,0.188,0.193,0.146,0.17,0.157,0.24,0.18,0.184,0.129,0.219,0.174,0.151,0.202,0.14,0.232,0.182,0.192,0.111,0.175,0.196,0.133,0.248,0.192,0.181,0.205,0.144,0.166,0.19,0.226,0.206,0.194,0.251,0.206,0.21,0.2,0.152,0.155,0.19,0.164,0.183,0.203,0.143,0.239,0.34,0.204,0.197,0.211,0.129,0.201,0.219,0.241,0.219,0.194,0.248,0.221,0.227,0.169,0.277,0.21,0.271,0.217,0.146,0.189,0.233,0.228,0.146,0.245,0.164,0.193,0.209,0.18,0.246,0.251,0.233,0.25,0.251,0.251,0.263,0.284,0.2,0.253,0.216,0.243,0.241,0.241,0.305,0.219,0.258,0.204,0.263,0.258,0.302,0.173,0.313,0.274,0.329,0.393,0.293,0.261,0.2528,0.322,0.277,0.255,0.272,0.271,0.267,0.267,0.282,0.292,0.297,0.209,0.327,0.295,0.348,0.352,0.426,0.325,0.281,0.278,0.302,0.295,0.276,0.368,0.266,0.304,0.304,0.332,0.362,0.256,0.266,0.327,0.399,0.394,0.412,0.31,0.298,0.336,0.488,0.422,0.393,0.471,0.442,0.457
"WT 2",0.000399999999999998,0.0282,0.0282,0.0675,0.0368,0.1468,0.0606,0.1632,0.1044,0.2524,0.0798,0.12925,0.1644,0.1457,0.2558,0.1346,0.1165,0.1124,0.104,0.1763,0.1217,0.1748,0.2434,0.1213,0.1941,0.1276,0.2644,0.0967,0.1969,0.2569,0.1401,0.1554,0.1621,0.2819,0.1484,0.2171,0.203,0.1754,0.5793,0.1723,0.2416,0.1688,0.1563,0.1898,0.1622,0.1885,0.1661,0.1621,0.2074,0.1974,0.1216,0.1753,0.2431,0.3372,0.2564,0.1944,0.2032,0.1155,0.1939,0.4173,0.322,0.2377,0.1587,0.3487,0.1419,0.2457,0.3393,0.3405,0.2006,0.3519,0.2719,0.2593,0.2504,0.2545,0.1464,0.2789,0.2329,0.3863,0.2527,0.2266,0.3298,0.161,0.2917,0.2335,0.2915,0.2746,0.2608,0.2891,0.4452,0.2356,0.1987,0.1836,0.2569,0.1713,0.2374,0.3231,0.4265,0.3931,0.2044,0.4518,0.3876,0.3091,0.4073,0.35,0.2353,0.273,0.2389,0.3048,0.2663,0.4744,0.5063,0.2817,0.3048,0.2762,0.2488,0.2352,0.444,0.4275,0.2979,0.2724,0.4121,0.271,0.2154,0.2284,0.1698,0.2909,0.1937,0.3622,0.2606,0.3298,0.3515,0.3772,0.4106,0.2623,0.4303,0.3034,0.4162,0.3433,0.4249,0.3572,0.3777,0.5139,0.2592,0.2989,0.2422,0.3135,0.3845,0.3898,0.2568,0.2321,0.3836,0.2808,0.2837,0.2025,0.5429,0.3845,0.2985,0.5061,0.4181,0.4109,0.335,0.3903,0.3582,0.4043,0.4008,0.3627,0.4765,0.5431,0.2933,0.3486,0.412,0.402,0.3576,0.4397,0.476,0.3892,0.3789,0.458,0.5788,0.4454,0.3487,0.4589,0.4318,0.4168,0.4892,0.4759,0.5375,0.4946,0.4871,0.4902,0.5956
"WT 3",0.001,0.007,0.006,0.041,0.04,0.195,0.061,0.165,0.095,0.072,0.243,0.222,0.193,0.218,0.218,0.15,0.161,0.226,0.153,0.142,0.136,0.206,0.264,0.249,0.265,0.259,0.218,0.124,0.236,0.238,0.233,0.283,0.161,0.167,0.252,0.17,0.295,0.176,0.178,0.181,0.187,0.172,0.253,0.196,0.182,0.163,0.234,0.205,0.187,0.195,0.24,0.243,0.187,0.096,0.22,0.233,0.162,0.189,0.246,0.217,0.199,0.31,0.183,0.184,0.268,0.229,0.209,0.231,0.277,0.197,0.188,0.193,0.216,0.292,0.267,0.209,0.252,0.208,0.305,0.182,0.21,0.276,0.291,0.275,0.297,0.184,0.195,0.28,0.242,0.218,0.225,0.178,0.25,0.192,0.235,0.223,0.199,0.221,0.216,0.247,0.231,0.223,0.174,0.243,0.23,0.161,0.294,0.221,0.254,0.228,0.292,0.226,0.238,0.245,0.163,0.244,0.352,0.327,0.242,0.226,0.202,0.242,0.231,0.286,0.226,0.185,0.183,0.268,0.206,0.266,0.294,0.218,0.248,0.246,0.416,0.325,0.184,0.203,0.207,0.245,0.395,0.099,0.25,0.193,0.201,0.246,0.385,0.305,0.262,0.264,0.283,0.278,0.275,0.269,0.324,0.383,0.313,0.268,0.326,0.43,0.318,0.269,0.211,0.276,0.224,0.319,0.293,0.299,0.236,0.306,0.279,0.333,0.297,0.276,0.333,0.293,0.414,0.312,0.338,0.252,0.242,0.289,0.334,0.395,0.402,0.259,0.315,0.465,0.404,0.36,0.384
"WT 4",0.001,0.008,0.013,0.068,0.054,0.216,0.093,0.139,0.134,0.108,0.132,0.209,0.173,0.168,0.27,0.097,0.216,0.15,0.15,0.299,0.107,0.144,0.277,0.304,0.212,0.275,0.387,0.103,0.223,0.293,0.228,0.329,0.242,0.152,0.157,0.182,0.146,0.137,0.328,0.217,0.261,0.22,0.221,0.221,0.319,0.289,0.238,0.133,0.231,0.285,0.187,0.314,0.25,0.113,0.223,0.214,0.149,0.205,0.362,0.235,0.125,0.248,0.34,0.176,0.273,0.234,0.104,0.174,0.256,0.367,0.234,0.208,0.142,0.292,0.202,0.244,0.139,0.275,0.3,0.271,0.184,0.231,0.172,0.233,0.314,0.297,0.278,0.312,0.201,0.315,0.195,0.235,0.319,0.227,0.15,0.302,0.222,0.208,0.297,0.198,0.178,0.212,0.278,0.149,0.331,0.247,0.259,0.335,0.211,0.228,0.329,0.213,0.39,0.15,0.251,0.263,0.266,0.312,0.35,0.15,0.347,0.183,0.248,0.238,0.282,0.279,0.246,0.213,0.236,0.313,0.101,0.358,0.308,0.321,0.407,0.263,0.272,0.345,0.351,0.163,0.377,0.325,0.247,0.199,0.352,0.431,0.345,0.405,0.342,0.301,0.323,0.255,0.379,0.497,0.362,0.401,0.387,0.468,0.431,0.29,0.31,0.345,0.372,0.278,0.374,0.416,0.316,0.359,0.36,0.456,0.425,0.435,0.376,0.363,0.474,0.337,0.406,0.415,0.43,0.354,0.316,0.463,0.357,0.451,0.378,0.471,0.478,0.464,0.451,0.538,0.497
"WT 5",0.001,0.011,0.012,0.047,0.136,0.048,0.094,0.059,0.039,0.115,0.283,0.1048,0.045,0.196,0.056,0.202,0.08,0.13,0.328,0.136,0.156,0.174,0.108,0.107,0.112,0.149,0.102,0.202,0.085,0.133,0.134,0.082,0.202,0.175,0.194,0.166,0.183,0.155,0.202,0.166,0.169,0.165,0.144,0.18,0.114,0.167,0.206,0.177,0.121,0.133,0.187,0.23,0.155,0.299,0.187,0.185,0.114,0.114,0.15,0.227,0.25,0.206,0.158,0.212,0.173,0.256,0.377,0.208,0.254,0.12,0.238,0.201,0.237,0.246,0.305,0.189,0.195,0.218,0.218,0.148,0.224,0.233,0.166,0.241,0.206,0.165,0.247,0.253,0.223,0.258,0.253,0.281,0.232,0.193,0.152,0.216,0.225,0.186,0.154,0.226,0.238,0.204,0.222,0.246,0.238,0.204,0.259,0.13,0.197,0.252,0.204,0.264,0.181,0.215,0.217,0.227,0.237,0.216,0.21,0.153,0.231,0.243,0.263,0.201,0.112,0.159,0.311,0.245,0.178,0.203,0.214,0.211,0.239,0.204,0.254,0.163,0.234,0.212,0.185,0.215,0.283,0.269,0.3,0.287,0.18,0.201,0.146,0.179,0.205,0.242,0.211,0.275,0.38,0.191,0.188,0.328,0.287,0.166,0.153,0.256,0.309,0.174,0.189,0.403,0.243,0.186,0.182,0.418,0.272,0.211,0.262,0.251,0.277,0.333,0.303,0.304,0.295,0.301,0.352,0.261,0.3,0.303,0.215,0.311,0.3,0.362,0.296,0.34,0.235,0.28,0.28
"WT 6",0.001,0.011,0.01,0.072,0.179,0.401,0.125,0.4,0.093,0.36,0.25,0.3245,0.465,0.148,0.513,0.314,0.308,0.381,0.277,0.502,0.184,0.211,0.493,0.451,0.346,0.444,0.574,0.398,0.409,0.51,0.396,0.339,0.224,0.337,0.288,0.47,0.278,0.395,0.329,0.434,0.505,0.401,0.431,0.437,0.519,0.547,0.293,0.397,0.471,0.519,0.396,0.271,0.479,0.297,0.47,0.204,0.347,0.127,0.489,0.417,0.318,0.325,0.43,0.381,0.309,0.364,0.345,0.333,0.358,0.45,0.437,0.396,0.328,0.343,0.376,0.295,0.36,0.334,0.337,0.449,0.367,0.296,0.397,0.494,0.228,0.393,0.459,0.301,0.334,0.561,0.47,0.572,0.354,0.402,0.305,0.49,0.369,0.341,0.45,0.331,0.388,0.449,0.39,0.397,0.433,0.593,0.324,0.39,0.408,0.324,0.392,0.381,0.436,0.351,0.483,0.446,0.369,0.39,0.45,0.271,0.45,0.402,0.594,0.328,0.411,0.464,0.479,0.392,0.556,0.268,0.417,0.345,0.324,0.581,0.454,0.492,0.375,0.392,0.338,0.517,0.447,0.468,0.363,0.474,0.517,0.539,0.363,0.482,0.433,0.361,0.441,0.404,0.255,0.518,0.603,0.445,0.368,0.51,0.53,0.313,0.426,0.474,0.599,0.364,0.431,0.568,0.458,0.537,0.322,0.301,0.539,0.426,0.407,0.468,0.378,0.382,0.355,0.49,0.468,0.537,0.511,0.496,0.4,0.369,0.403,0.594,0.448,0.545,0.598,0.378,0.598
"WT 7",0.021,0.018,0.016,0.015,0.069,0.067,0.058,0.059,0.135,0.041,0.088,0.10065,0.083,0.098,0.077,0.139,0.054,0.107,0.09,0.092,0.057,0.048,0.11,0.084,0.116,0.119,0.041,0.174,0.082,0.11,0.1,0.048,0.059,0.2,0.073,0.095,0.109,0.184,0.146,0.108,0.091,0.153,0.091,0.102,0.109,0.102,0.072,0.191,0.098,0.097,0.105,0.149,0.079,0.162,0.138,0.134,0.254,0.202,0.102,0.159,0.169,0.129,0.138,0.241,0.136,0.055,0.125,0.205,0.078,0.111,0.124,0.089,0.204,0.122,0.076,0.152,0.236,0.152,0.12,0.099,0.249,0.12,0.126,0.101,0.188,0.081,0.07,0.132,0.24,0.041,0.109,0.187,0.193,0.222,0.26,0.088,0.22,0.259,0.171,0.219,0.231,0.226,0.311,0.214,0.064,0.12,0.194,0.142,0.221,0.218,0.215,0.089,0.05,0.261,0.129,0.107,0.219,0.128,0.106,0.349,0.176,0.253,0.099,0.193,0.164,0.104,0.142,0.233,0.13,0.086,0.243,0.234,0.219,0.096,0.214,0.134,0.269,0.12,0.152,0.232,0.146,0.252,0.287,0.242,0.228,0.098,0.239,0.153,0.135,0.197,0.22,0.189,0.096,0.146,0.175,0.123,0.102,0.145,0.098,0.22,0.209,0.145,0.177,0.111,0.211,0.219,0.175,0.25,0.167,0.233,0.187,0.178,0.183,0.145,0.186,0.204,0.139,0.171,0.234,0.172,0.255,0.259,0.212,0.257,0.138,0.288,0.229,0.184,0.299,0.303,0.327
"WT 8",0.0363,0.0327,0.0307,0.0959,0.0723,0.0291,0.1058,0.0934,0.0872,0.0348,0.3019,0.07785,0.0538,0.0811,0.1008,0.0158,0.0575,0.0847,0.1365,0.0892,0.1146,0.001,0.1144,0.0514,0.0697,0.0889,0.001,0.1387,0.0836,0.1087,0.09,0.0358,0.042,0.0436,0.1371,0.0831,0.0912,0.1592,0.0734,0.0921,0.0972,0.1619,0.0569,0.1088,0.1085,0.0981,0.1269,0.1444,0.1387,0.095,0.0819,0.1506,0.0976,0.1394,0.0877,0.1424,0.0964,0.182,0.1347,0.072,0.0438,0.124,0.1109,0.0817,0.1142,0.0781,0.0851,0.112,0.0659,0.0987,0.122,0.119,0.0847,0.0911,0.1117,0.1454,0.1118,0.1043,0.0905,0.1422,0.1111,0.1389,0.1027,0.1375,0.06,0.094,0.1214,0.1287,0.1176,0.0454,0.1261,0.0916,0.1044,0.1483,0.1378,0.0499,0.1031,0.1104,0.1189,0.1278,0.0874,0.0985,0.1104,0.109,0.1038,0.1045,0.1074,0.1352,0.1321,0.1176,0.1037,0.0873,0.0776,0.1195,0.1649,0.1246,0.1312,0.105,0.1423,0.2522,0.1189,0.1204,0.1055,0.14,0.1186,0.1084,0.157,0.1323,0.1305,0.0764,0.0645,0.1467,0.1391,0.1393,0.1766,0.1187,0.132,0.1653,0.1236,0.1497,0.116,0.1565,0.1748,0.1425,0.2022,0.1801,0.2099,0.2102,0.2154,0.2032,0.1142,0.1654,0.1419,0.1469,0.1277,0.1484,0.1179,0.1481,0.1004,0.1913,0.1437,0.1446,0.2042,0.0879,0.2098,0.133,0.1229,0.1505,0.1664,0.2507,0.2229,0.1999,0.1199,0.1419,0.2156,0.1518,0.2371,0.1659,0.2387,0.1712,0.163,0.237,0.2143,0.226,0.1612,0.2726,0.2798,0.26,0.1836,0.3967,0.2923
"WT 9",0.001,0.003,0.002,0.081,0.074,0.071,0.099,0.078,0.146,0.139,0.057,0.131,0.082,0.136,0.095,0.158,0.146,0.158,0.136,0.128,0.165,0.187,0.069,0.168,0.161,0.065,0.091,0.132,0.124,0.116,0.182,0.182,0.184,0.149,0.174,0.163,0.174,0.151,0.162,0.153,0.14,0.156,0.191,0.174,0.162,0.126,0.189,0.136,0.181,0.14,0.217,0.161,0.159,0.245,0.151,0.165,0.192,0.182,0.138,0.148,0.14,0.186,0.18,0.121,0.18,0.165,0.503,0.167,0.213,0.176,0.185,0.207,0.174,0.199,0.22,0.212,0.17,0.167,0.209,0.128,0.103,0.176,0.219,0.213,0.215,0.12,0.195,0.212,0.174,0.215,0.241,0.205,0.124,0.192,0.108,0.178,0.175,0.157,0.208,0.158,0.158,0.22,0.153,0.203,0.22,0.163,0.167,0.182,0.206,0.145,0.12,0.198,0.193,0.226,0.181,0.208,0.168,0.147,0.179,0.145,0.221,0.226,0.243,0.188,0.201,0.218,0.202,0.17,0.242,0.309,0.219,0.186,0.209,0.185,0.239,0.237,0.233,0.243,0.229,0.263,0.239,0.219,0.132,0.211,0.148,0.193,0.178,0.19,0.21,0.157,0.235,0.211,0.232,0.299,0.212,0.191,0.229,0.178,0.231,0.239,0.216,0.213,0.183,0.286,0.227,0.243,0.131,0.221,0.249,0.253,0.256,0.293,0.291,0.231,0.258,0.231,0.306,0.271,0.277,0.295,0.282,0.125,0.213,0.279,0.277,0.282,0.338,0.373,0.249,0.33,0.375
